imb,smote,smote,smote,smote,smote,smote,smote,smote,smote,smote,rus,rus,rus,rus,rus,rus,rus,rus,rus,rus,wilson,wilson,wilson,wilson,wilson,wilson,wilson,wilson,wilson,wilson,tomek,tomek,tomek,tomek,tomek,tomek,tomek,tomek,tomek,tomek,ens,ens,ens,ens,ens,ens,ens,ens,sim,sim,sim,sim
clf,dt,dt,lr,lr,nb,nb,knn,knn,rf,rf,dt,dt,lr,lr,nb,nb,knn,knn,rf,rf,dt,dt,lr,lr,nb,nb,knn,knn,rf,rf,dt,dt,lr,lr,nb,nb,knn,knn,rf,rf,rboost_DT,rboost_DT,rboost_NB,rboost_NB,bbag_DT,bbag_DT,bbag_NB,bbag_NB,LR,LR,RF,RF
metric,matthews_corrcoef,pr_rec_score,matthews_corrcoef,pr_rec_score,matthews_corrcoef,pr_rec_score,matthews_corrcoef,pr_rec_score,matthews_corrcoef,pr_rec_score,matthews_corrcoef,pr_rec_score,matthews_corrcoef,pr_rec_score,matthews_corrcoef,pr_rec_score,matthews_corrcoef,pr_rec_score,matthews_corrcoef,pr_rec_score,matthews_corrcoef,pr_rec_score,matthews_corrcoef,pr_rec_score,matthews_corrcoef,pr_rec_score,matthews_corrcoef,pr_rec_score,matthews_corrcoef,pr_rec_score,matthews_corrcoef,pr_rec_score,matthews_corrcoef,pr_rec_score,matthews_corrcoef,pr_rec_score,matthews_corrcoef,pr_rec_score,matthews_corrcoef,pr_rec_score,matthews_corrcoef,pr_rec_score,matthews_corrcoef,pr_rec_score,matthews_corrcoef,pr_rec_score,matthews_corrcoef,pr_rec_score,matthews_corrcoef,pr_rec_score,matthews_corrcoef,pr_rec_score
activemq-5.8.0.csv,0.19850743136970667,0.284751767457235,0.2485781726849057,0.30492138938767427,0.2855774395828153,0.40398200994238637,0.21798498901243107,0.2985004779093339,0.25308771408004754,0.2936296156513999,0.1897833909879805,0.41200497407643455,0.24944232265080682,0.30820623242570444,0.2788250002131308,0.4030148898453713,0.21025872316768573,0.28894670211523105,0.2508698372964134,0.2895997335051031,0.22233535959834339,0.3041666678103152,0.27056288462241607,0.2992566030234916,0.2883273230545633,0.410005045007542,0.2243505872389746,0.2568789366329109,0.25831352952929426,0.3361036265850475,0.23307843707478249,0.30240895485090535,0.24522348788891973,0.32018827543001177,0.2972948585966357,0.3834761561771105,0.2240020404466728,0.272839940536748,0.27287004917833435,0.33848182270326366,0.24499546758858354,0.2915399691660425,0.2845927044739643,0.4225110114549379,0.26639465636660775,0.3089169365218854,0.28603797386365304,0.36966945616320573,0.2150252224030501,0.31299183019851196,0.264571863778583,0.324907160431864
groovy-1_6_BETA_1.csv,0.31421971493836925,0.4532301319936726,0.346650111713758,0.4012501391638574,0.259755922996918,0.4204176340224068,0.27765877854807935,0.4819827762982766,0.4238998937828775,0.47558844505000025,0.24060030695759047,0.4669705064153188,0.3316780379914748,0.3784845266391638,0.23989679206843856,0.4056564214789416,0.30073332188080626,0.46804346507235883,0.3359695811382297,0.48173276076245136,0.3440949654859034,0.48739665347415256,0.44693362081743854,0.40558126249216875,0.27919875138600264,0.41595124251784593,0.37669346991716235,0.5192312679595041,0.4178219962552062,0.49370257985788346,0.37557426487305734,0.4469966786284845,0.42566611923299286,0.462584414667516,0.262078133817406,0.4116905009696896,0.4430057041242233,0.42783539230602974,0.4440688033591661,0.4676341642976294,0.32117934490375094,0.49478176550218494,0.3054362307597351,0.3541956896390989,0.36887865098613987,0.4823696953869943,0.2427268503805508,0.36768177154194875,0.3803742529091105,0.43954729656324665,0.40195977164195545,0.46046192349614995
activemq-5.3.0.csv,0.2975362847457887,0.40599912676395383,0.3845407946390886,0.4698449071492263,0.3383973920643907,0.45693995663231324,0.3493678429443114,0.4351863941226858,0.38376626706560785,0.4866638746993495,0.26646806505459464,0.4579990608091246,0.34985417611916975,0.46431110652851504,0.33031477934261516,0.45640489637818427,0.3247046961870857,0.42491855536670714,0.3231753038783206,0.4309381551824873,0.3273093643973016,0.4318586188925965,0.38059597121452954,0.4934436819407191,0.33720803470893973,0.46307720510032435,0.3513095698646428,0.45720055351327604,0.3934991167678736,0.4907914943695158,0.27687915387840956,0.39750031134445474,0.3114402784146415,0.4636849198487182,0.3218896678707174,0.4477981070791009,0.29315432023512755,0.43277904878504797,0.31006167167417115,0.4610623075808474,0.30592429745936117,0.4245591101913428,0.3388056396564049,0.46393743751460886,0.34513983278017774,0.466919845731261,0.33793195646879404,0.46535026690913095,0.2770215689989127,0.44831865228560824,0.2900195392665633,0.45799741760910245
wicket-1.3.0-incubating-beta-1.csv,0.2061582649991937,0.3818270502718846,0.2565903175041489,0.4126950361321871,0.3051423638673599,0.45010194772391043,0.2220417639843115,0.41031602386675653,0.2947110250603948,0.2723096460247213,0.20007960540856037,0.4558257453210219,0.2807845185063099,0.40511343725890964,0.3260193646096055,0.45857891202316575,0.23061986075757715,0.3644631536892779,0.2884854489202675,0.3016668715001519,0.2417763835364423,0.45301980153835025,0.31906058040446617,0.4270020321900211,0.3152455043906334,0.4841563374444193,0.27519354400812257,0.4245513425791566,0.3002456159780147,0.34492937387446193,0.24262125172407187,0.37378016415061205,0.3376138881189192,0.42388763336844554,0.32616329485402723,0.4572519277862807,0.28678319676319813,0.3432821605722394,0.32489232507780136,0.37558312149794887,0.278612581202011,0.36297959528938667,0.35896081792441115,0.40659317829641384,0.2986928322098992,0.30397189322875423,0.32159080444218924,0.4194674114244134,0.34063414566579214,0.42516284076380695,0.31392565871335004,0.3790143425645183
jruby-1.1.csv,0.34103083374517607,0.516729038135529,0.3990067862774907,0.5496845248548831,0.3802265070841076,0.6145828666722356,0.3359992569767489,0.5742318483921884,0.43408634110886735,0.5686269170189149,0.34033191847641114,0.5569533333822789,0.40711958574706947,0.5782277925474569,0.3725092340191214,0.6065024909692093,0.3461914123461326,0.6154496027456464,0.4173549289169924,0.5978507893050031,0.366268057170845,0.5764915163247465,0.40441472033625814,0.6204399656375384,0.36306648365671507,0.5712006941658695,0.36249232233653894,0.5978485670372298,0.4041187042907188,0.6175899552217498,0.43322720810743803,0.5603083449032982,0.4785843990362214,0.5933372987853426,0.39375202285578287,0.6236793736492425,0.45505986462204046,0.6075898122465272,0.5166696651545492,0.6497355571882097,0.3709604329645886,0.576162722801157,0.37712588131147345,0.5650211224109047,0.4248567325012063,0.6039279436416327,0.37214325876926035,0.6396431554924847,0.5050090780171106,0.5903674713671114,0.5472455838467469,0.6302753457608483
jruby-1.4.0.csv,0.2961586038017595,0.49969512958409246,0.37063911065821215,0.5930843711410565,0.44472451736516294,0.5981848325817097,0.3229172370831414,0.5163273665794098,0.41427454103734573,0.5903618444868854,0.29553061047148055,0.5375037292778361,0.377900282870481,0.5814028184987038,0.4409664995327501,0.5951568060088487,0.3079235063224122,0.5169442620295391,0.3695020679777196,0.576140011549913,0.32495330969089753,0.5533141093849563,0.39875000993866017,0.5583453293068338,0.41548678514844833,0.6042044551453537,0.3253098929192892,0.5681015613185978,0.3561100904207052,0.5819099370157398,0.3354770201695981,0.5134249082308638,0.4414838655096559,0.600653796980992,0.45142253210306643,0.6010968150204877,0.3964569913936697,0.532986386036112,0.415869667598117,0.5799224510674316,0.34587002283775664,0.5598416959897176,0.4501244238608425,0.5196315759819287,0.4045349142740943,0.6068328532294937,0.4373622047634444,0.615747171397082,0.4302622172039724,0.5968595117193665,0.41355817357491215,0.5696591663153484
lucene-2.3.0.csv,0.4313912019556494,0.6259951533988269,0.4807517049376424,0.667601000958655,0.4583684507334626,0.6207069774297788,0.4335595800157716,0.650476388510485,0.5920283250561643,0.7413267373361523,0.382071118062636,0.6157687253454039,0.48169655298364994,0.6798521858264939,0.45176470610809627,0.6149257517584182,0.5130221749537046,0.6968628161366822,0.5339784886282909,0.7323618188296315,0.4888871225134569,0.6716123446892688,0.5364368177375755,0.7040582029104598,0.43283462308224924,0.6070839762147795,0.5597496969102007,0.7428370758610473,0.5801433327381207,0.7226056757241798,0.4088457126207368,0.605537479318383,0.5399050958213748,0.7197895088537846,0.3970031119232867,0.6165975313738435,0.517319858573798,0.6986791837515823,0.5687520593112526,0.78465315612415,0.4638078651027469,0.6554589324841107,0.4923256068115523,0.6567529457224256,0.5894019537505621,0.7506206627726677,0.41290813945107224,0.6206093169635334,0.5175338582088846,0.7198662800519172,0.5131379455398909,0.7620410727376146
hbase-0.95.2.csv,0.14788094227223503,0.42210540582129163,0.17934389042487625,0.4182766235636964,0.3179117350351337,0.5186982651385866,0.16829653369586114,0.4180541274613801,0.2220793374480484,0.4601367782383875,0.16450143681162838,0.5035046359591274,0.2172003865606064,0.43773010427158837,0.3156857428767627,0.511861218330491,0.1626217889996167,0.4300507881202507,0.222096880895775,0.48117615318775214,0.17705401841121435,0.45626236234833245,0.21644665178219435,0.4814564785035091,0.31899423376183783,0.519200090336991,0.2019996322283886,0.4379628984951011,0.23251962693935793,0.4892723259178103,0.13570150319963392,0.4435542540234018,0.14992974017725852,0.4674123981172769,0.3093974031617059,0.5139818546063778,0.13586234011551407,0.4419914789852062,0.17624400996402603,0.4492930249094822,0.19861663503009114,0.44767364251352837,0.23947897775822333,0.49171166608083555,0.24265303801919277,0.49390199402863133,0.3105021688962154,0.529511141876051,0.1253295854297429,0.4635476682741749,0.14847526383638301,0.45298253507453684
lucene-3.0.0.csv,0.21497672873784401,0.37988717392521587,0.33535031815167404,0.36448720868540446,0.29255199479055854,0.3249070977344711,0.264290864768052,0.3915846291631507,0.2685755039208362,0.2922780670680562,0.23558471241330983,0.4611426378714675,0.32957281048121884,0.3324223130419826,0.2918139805719078,0.3103057857482536,0.2362078225893461,0.32551487335861273,0.33323400828911004,0.3044621316588799,0.3125941206163392,0.4727657783874344,0.34962985279046394,0.3617813766678722,0.3157336689851015,0.36288743868052875,0.2937494016001843,0.3709870885180167,0.3443402900013899,0.3189369495131628,0.17880649489213768,0.3216794285438621,0.23264952661328656,0.35494563267783946,0.3120153372922942,0.3177838689311242,0.1641562489649497,0.2718241013033193,0.1627166206401567,0.30942576800001154,0.28700667720182316,0.3102938560331321,0.26988342742957694,0.34392184443660934,0.36154331092203795,0.3122751988643849,0.29794631004095734,0.3155749972536215,0.256189756588932,0.3442614718406966,0.1374853055297111,0.27946573177195416
camel-2.9.0.csv,0.15890923849994312,0.15781978397669866,0.17828798951575628,0.2050040129534164,0.2220657918720857,0.36007394858053665,0.17860732040233526,0.2671677999414566,0.2382371279365283,0.19433902743571624,0.1324825516394462,0.37597046542233775,0.18797407913499958,0.20556630025081393,0.23272287546734963,0.3720557864796128,0.1884663718097382,0.29754469297683495,0.19186287665794224,0.23254452390574384,0.22303190922815527,0.25879504589987967,0.3018067187545382,0.2774726343912191,0.24553266496246023,0.36187843838962436,0.29261515635426266,0.2926261913804916,0.26565628844376993,0.2490312690369091,0.1442012984563397,0.18649748230174013,0.18397132883589984,0.27549898098929543,0.26477893277531855,0.34655485122715074,0.2240286891160806,0.26022383932532195,0.19615112520433095,0.2331836745654195,0.17724021628065992,0.26568164699971164,0.23147718121202723,0.3911943916111609,0.23042704948534617,0.22148138856947786,0.22625226426446912,0.34095739958351357,0.15461132252167248,0.27106055701380455,0.1758988535591097,0.24128970107409936
wicket-1.5.3.csv,0.09089219132804732,0.1294981146226789,0.1725261689688433,0.17379846127725543,0.2063443803841385,0.3387201511741672,0.13774968409342106,0.18978890245606833,0.10404225325752109,0.1597015190097089,0.1494826849676857,0.39007400184032515,0.1851914304537097,0.1794089004523704,0.2134387364570278,0.33152170022108424,0.18261880549433007,0.25352435936915163,0.21013515282297726,0.1586131566062932,0.1660618545891958,0.21997057421509067,0.16150709130448163,0.21221851293260494,0.23736919668203432,0.32644303974299455,0.11885151555605249,0.16830041923754463,0.11342912648492061,0.1986456975047201,0.08310378710088037,0.13387657960083532,0.09580481984277008,0.20997598542279347,0.2424405811985418,0.32229895975128114,0.045120733129292837,0.11817028024024848,0.09342666351218416,0.1718685357494234,0.17370944498991558,0.23976126007599052,0.21073702463394506,0.3340188800278247,0.23694714457411456,0.16783103926400414,0.22555886354584517,0.27741197926444044,0.08584104718539474,0.21039682396063936,0.0817167498380003,0.1617535242380628
lucene-3.1.csv,0.16271449819308717,0.2694390707789434,0.16101447449656672,0.24770106907175482,0.18382672183668597,0.2748837067068434,0.14913526567880184,0.2743892676288779,0.1905426668240087,0.14815316911129026,0.1307289161925463,0.3474424970245417,0.15430183469686334,0.24501925194509588,0.18516092263229064,0.2535187553913893,0.15966071314521652,0.24709936197431254,0.16479591416094325,0.13429249351506364,0.17667453360018998,0.3212437583971699,0.20220904227088063,0.24295700563746878,0.18683343986150794,0.277564146078375,0.16254018287945046,0.22079710790502155,0.19232204757520438,0.16266178589037392,0.16882691346453077,0.26128995769009744,0.19422594171422616,0.24770876411127393,0.18894759837615918,0.24905415537334555,0.17123337649077566,0.14465617820991564,0.19133783866761217,0.18783306951619497,0.17643772202197486,0.21343628964740347,0.17249129269278002,0.16579885744136658,0.17716050754717166,0.15253063194735939,0.181781569758139,0.23370392107307372,0.1849179080849653,0.23203590481279082,0.17380846717290366,0.1719466489020154
groovy-1_6_BETA_2.csv,0.2694685653103684,0.40417128172770056,0.28399213418323666,0.33982522584963487,0.2705453798196051,0.3817022179632242,0.33380173983441347,0.48522723153217534,0.3803868154257108,0.4634680697653518,0.2047191878947711,0.43236659521714227,0.28201982454627067,0.35447416161789275,0.25756494036737776,0.37459767055989324,0.2879809851585971,0.43462243155189995,0.29030209767364745,0.44051074823208297,0.280072100028949,0.4085573489831108,0.38101703786062546,0.3652035026818611,0.25229993525169203,0.3927035420835734,0.3961253512336461,0.4678831388220383,0.3856594782519729,0.4424509392120413,0.3073137536063343,0.38913171703601085,0.3211595325577614,0.4193968461883717,0.2763465352338475,0.3858526679858398,0.3777809772266164,0.44399213311618235,0.39649744258481456,0.4470453821627102,0.28989223142575454,0.4304164333692103,0.30109637040617643,0.3337316831892758,0.3558491885751664,0.4499447807460188,0.2670261486750593,0.3361338437039368,0.32125914366229347,0.4329958320387435,0.3964058229892838,0.48138861198079
activemq-5.2.0.csv,0.2781884372974258,0.393808744013779,0.35631154707687324,0.44978527772968424,0.3857403542362506,0.5458084983797247,0.2910973586243868,0.3844400213997771,0.37738268297235944,0.4730527961291207,0.24989272903069165,0.4670048633349016,0.37258211001905317,0.4585197211215581,0.4034291329441236,0.548642839166246,0.26229664355006777,0.39537778986263367,0.33318413173628836,0.4425443406456914,0.30130845831649294,0.4158577260109174,0.4032190624438477,0.4913748496337505,0.3613385060042197,0.5517118732395688,0.3270763698411509,0.41130877305860986,0.3536758896514987,0.4584226927411667,0.24690586499904996,0.3616512756034815,0.314052186839042,0.4976382919266081,0.37151711827562,0.5289077917090368,0.2798387046209746,0.39745972071650715,0.2852298908115896,0.4455843576016743,0.3223625168136409,0.4153011737563208,0.4062775333818442,0.5561309944295983,0.3700866819818721,0.4920223954836781,0.37958736882116795,0.532244277847326,0.28511334098117685,0.49437584016783914,0.233455122927857,0.4234361559814392
groovy-1_5_7.csv,0.24455385026933357,0.39112688163229953,0.2025515757239328,0.3955457379544355,0.25338752281464466,0.4536427880634483,0.1757470104107181,0.39695608948327016,0.35755514395271726,0.4036552348993266,0.13720487554376926,0.3789097830548057,0.16330641252169584,0.35811603243426465,0.25437448410254454,0.44858168725964315,0.19196562787818536,0.4499830136807599,0.21046337512206398,0.4586934492260108,0.2287251598367939,0.3709941753579525,0.3007241211710792,0.44853657719568474,0.24013814985166373,0.43470382095312526,0.38954753982211976,0.5004823128368019,0.3587955967036755,0.421529561974576,0.31884262669201385,0.3963414090782512,0.4022050657998605,0.4755055655907828,0.25910917096054775,0.4452800556545024,0.4333175959741627,0.4079527468957294,0.4032221110912191,0.4709271779900372,0.21290652605487598,0.42899069217208846,0.26560660770645833,0.3514827492081496,0.27275842993860694,0.4487327802459039,0.24133656226999814,0.4652260445774519,0.40394413261533413,0.4974007209415199,0.41966960658919983,0.4682774728005589
hbase-0.95.0.csv,0.10457924446203984,0.3515182504324184,0.1913876915715271,0.41044623896702076,0.26884861817976274,0.45861308972758186,0.1039844393725285,0.35762091325415446,0.20415476768143404,0.38663139221466963,0.1512805930617942,0.467042330485752,0.220407126090002,0.42420869605611305,0.2662566683163197,0.4514408135495632,0.1747215406707155,0.3961964054772361,0.23083927606847635,0.4296549714892803,0.14218721038262647,0.3878728619758592,0.19615431802727118,0.4381279640806072,0.28095726208288585,0.4514560150350304,0.19118622477787994,0.4074993614089183,0.19495740692357819,0.4464544062891228,0.13946838584943133,0.43690558441409943,0.13437804721795957,0.4500367056778455,0.2619126817727842,0.4425763092058883,0.14189215834181243,0.4196656403002992,0.13599527319211907,0.42159621557914734,0.1649186158216694,0.39815829531121644,0.19033883530984436,0.4016885040794123,0.2582232610741274,0.4491583282662217,0.26522401080302804,0.47455643176676554,0.11136378800086269,0.43600167307957627,0.11266297384118514,0.4153769723800276
camel-2.11.0.csv,0.212554167819788,0.15831953020284928,0.16620017101360202,0.14983773652052865,0.17690453861098412,0.27995048845767195,0.1757403282900363,0.25862122608018673,0.31618037907299457,0.28855000735099423,0.13626206610477817,0.3932322420944877,0.16844743463219186,0.12885041065414954,0.16784809577225926,0.2834737621919347,0.16943613690242848,0.2876085247148895,0.1829435239747369,0.1875301196771905,0.25092349176402945,0.2779687719130475,0.21635931323807386,0.21034722361180377,0.18543825907353817,0.27185046259052936,0.24734765696012756,0.21484448625729644,0.2222602014344529,0.24854644916017932,0.17402327314563146,0.20537483345129484,0.15982968117206747,0.20523375446675843,0.19599378822364172,0.24666076488878771,0.2202676152642494,0.18658769613288934,0.13739055085941138,0.2426455567252162,0.18809777627765673,0.2618196712044617,0.1620461690924849,0.27134588877107696,0.23932307038998318,0.2187524675076812,0.17254690816818125,0.231953265747072,0.11606957916658565,0.20811495324017443,0.12613542263289565,0.25472079693120553
jruby-1.7.0.preview1.csv,0.20756554433799995,0.332114320247212,0.24800647237161622,0.30969629046992114,0.29556784163324096,0.4343137712813039,0.21246403291814334,0.33866713129526266,0.3032656030630244,0.29753730306552434,0.19458972673212574,0.421187523561083,0.25594626256586456,0.3304397443370631,0.3060825441443435,0.4276507540844099,0.2565465514968721,0.340468221911251,0.2763184611767941,0.34013667196846303,0.3084025983298217,0.4240935648272328,0.30967158138749096,0.3694358357703704,0.30931263234418044,0.46432175264572617,0.303823462297292,0.3447076131820212,0.34549952619657287,0.36152975009088834,0.2584305518415164,0.3297280570590497,0.28567951017960896,0.3259898374322586,0.31030902658632564,0.4151458092156121,0.29426355549222927,0.30328918157687934,0.2902162121386623,0.3636799627109703,0.2521900579233509,0.3554125518499962,0.30573110340704657,0.3380226850375673,0.3018345712289098,0.3135997785201228,0.3057238663306142,0.40656247003215923,0.2563221872163955,0.30409363910744036,0.30432050499173147,0.34775210337373763
hive-0.10.0.csv,0.22355774426961003,0.3490990578522547,0.27764292578693706,0.3948480053148724,0.42708848490685714,0.4835328128030929,0.25485437030069347,0.3453613834690772,0.22363336680892396,0.3998931253347147,0.2714402532546642,0.45551524599865584,0.354291306744261,0.40934423820849564,0.40849938390291224,0.4886708669101958,0.30025994617413443,0.4014452443347552,0.363855089618154,0.37692240354856177,0.19735529421407788,0.33792957315016137,0.24619836480914306,0.38065484998619575,0.37888786126998736,0.4742738595940414,0.21670705260259954,0.3521081852597565,0.19800517067024873,0.3644362889868439,0.15944131533389622,0.32873428858722986,0.13867337520078218,0.37894623567442426,0.3882643620856259,0.45934378604938453,0.11525490848580423,0.32377288621569666,0.0906918198721312,0.3591134367741645,0.31658905892542977,0.40893117909830856,0.39851615141102176,0.4915933272959973,0.3761244078929334,0.4075813182084802,0.42127731348572334,0.451738378146981,0.12090076748938412,0.37057446143688677,0.0877384210820647,0.35076681321395237
camel-2.10.0.csv,0.17819356218817398,0.20903476982730923,0.17810024662917698,0.20076017999797502,0.23981047381219936,0.37428102717812367,0.18493473492615095,0.2653640621674187,0.2432373637482739,0.1949750639647341,0.14111114065541297,0.3828954802762039,0.191845502494662,0.20730117086869454,0.23900497385554242,0.3746103427070801,0.1790010524268246,0.2899445299585688,0.19274343867240087,0.22762116505691468,0.2252892248883149,0.2716441929681057,0.2904570321883426,0.24915166538710934,0.2597208498924182,0.37320466360877086,0.2577412125305268,0.2360259207040945,0.2642423720051425,0.24200632035778247,0.16979572994361344,0.20305084745276808,0.17386000319945755,0.24349017270618492,0.28558897013968293,0.34701626165228366,0.19274877797435835,0.17648586216054737,0.17003814742309947,0.2118838842264194,0.2004737694742863,0.28691913966290544,0.24195209568538387,0.36856092450711686,0.2344660839236998,0.2349748679346688,0.2402614434944569,0.3396396855330115,0.16003847680450137,0.23850548087133014,0.1411224236848659,0.2045571567000908
derby-10.2.1.6.csv,0.23107164875125316,0.5549145089352443,0.3514903612320757,0.6263008059425199,0.43350957774340965,0.6823880641932085,0.29449754420295954,0.5797052831350414,0.33326845132844135,0.6689658457266884,0.3074960663473045,0.6229006176555377,0.3831043814020013,0.6407293487824732,0.4217506104611452,0.683762795790997,0.3678560714701277,0.6239693720424432,0.40343014332469007,0.6579728069873013,0.29701584468887404,0.6023832211954133,0.3425097899073887,0.6760639074167206,0.4345237238106114,0.6834211836039159,0.318747924860585,0.626259812434243,0.337914739112408,0.6843014154770032,0.23582150887824438,0.5840766793798785,0.21199249497789932,0.6707562005428531,0.43950077427908274,0.680812060588191,0.18951900167640512,0.6074098912747883,0.17582954290991187,0.6747887843302319,0.36414879560450614,0.6405934352257961,0.3478970319345954,0.645266877467149,0.4158120250465818,0.6849831118706065,0.4339684758825906,0.6968885180832327,0.17884377204614701,0.6676876267112514,0.15950240284985653,0.6774450869383556
jruby-1.5.0.csv,0.2643545974394495,0.4643712973826217,0.312404844758967,0.41078071014901935,0.34644082428542966,0.5029319439398646,0.2735535123754659,0.4588776535872012,0.36053821894671606,0.4070968861978211,0.24330358456709886,0.4934248560901188,0.3226175731795626,0.4075633088400906,0.35191802980525444,0.5030384101968673,0.28237521371050284,0.49015648207536844,0.3004298666401156,0.44611972002047634,0.25172509266577403,0.5027932835343458,0.3233831220944545,0.43708097781520233,0.32643420445901283,0.5392170868474017,0.2886702511225739,0.5193389377764709,0.31119003329568995,0.4737669131744225,0.2943818527405776,0.45586910586879703,0.38016972221628326,0.4315766981033767,0.36193751174960115,0.511794674920155,0.37768384833889596,0.45060830842815663,0.3847599529931697,0.4238433167749949,0.28087541877010086,0.46565840167115274,0.34843166732126185,0.46800761798112156,0.3455092894829674,0.4194243617603259,0.3534915245363448,0.5329027903433722,0.3830059531157108,0.4647418663585326,0.3688482699741853,0.46087932569255263
derby-10.3.1.4.csv,0.2505180671001728,0.541244433512812,0.41837742052381643,0.649590232481435,0.4042013979517075,0.6402158301439818,0.2685206835506104,0.5259677060936518,0.3141875343038568,0.6392864472291161,0.27730322236334665,0.5825780460881572,0.40931191629731667,0.6438936608358243,0.391762799069203,0.6320216382220881,0.2817347715335027,0.5264513081726102,0.40744751741095997,0.6444849600068662,0.26673614805569784,0.5634809563510051,0.3087993104985074,0.650114479115841,0.39292790662133464,0.640294836791462,0.21839518185844534,0.5267711690733902,0.2931978538364405,0.6341803898130455,0.19349230627712416,0.5262826540991828,0.17150120969985405,0.6379878443751416,0.38393330523071945,0.6338328135416567,0.11825057371272,0.5047666831349986,0.14356426451441268,0.5979557887626511,0.35943461679571037,0.597031504503807,0.28917319963924304,0.5771033510634066,0.4170479178119116,0.6597630784575181,0.39384463805178604,0.6502406265309731,0.14543638185385582,0.6386485006383105,0.11219512009934118,0.5965245805274961
lucene-2.9.0.csv,0.2588717498063461,0.48052233238526115,0.3548703318460598,0.46589473238720086,0.328063906324844,0.469513677244253,0.28255464144523823,0.4817081507636492,0.3342994847239371,0.423517128837153,0.28205217268621463,0.5280446251479777,0.354693063367802,0.45970371595011483,0.3245430903022805,0.4733693011543476,0.2796021378596699,0.43433405545399956,0.3413887177654376,0.42297714971791284,0.32248890764212185,0.5521299168318327,0.38886439138310525,0.48953591171867983,0.3143455518599176,0.5036224622299245,0.32138173520087127,0.5079339643855706,0.37339457031839657,0.45187342062841407,0.2630120374914783,0.47201376178483917,0.289746310476872,0.48336456331912664,0.33382480694608907,0.4798207582933688,0.2966098910534842,0.43921834983676644,0.27882732850005915,0.4329168705941965,0.33624028251592886,0.45476519439858726,0.2971374270580814,0.45398897909624647,0.36801517357982055,0.4402223060915428,0.33543428443455436,0.4571641156928938,0.2740074812729608,0.47381937108766226,0.2585496154621891,0.4385043761888074
hbase-0.94.0.csv,0.27105236742259453,0.47509062556885884,0.35780519523532456,0.49653265894789295,0.39575781335568444,0.5424258332932405,0.3526302698321854,0.5113160508641995,0.33761440654076974,0.5337228097216608,0.3026147768830333,0.5212887444808488,0.34928728237567763,0.5020407453646676,0.405948673074976,0.5366322141082861,0.37327472729779376,0.5204709512645651,0.38980792106185397,0.5197178879221955,0.3517259428426611,0.5465948595429727,0.3495836439776813,0.5619511719655517,0.37514417158399843,0.5313052562540281,0.3247363593985331,0.5001969888987612,0.3585845122263262,0.556251978361746,0.2371238942231173,0.48993672121030607,0.21536263322266253,0.5478294164633538,0.36774723478323057,0.5335406292714584,0.21345477305980237,0.4904545931361132,0.23756908744893437,0.5485223684667904,0.3549269928899823,0.5201708428541935,0.3893704865348317,0.5544566760290092,0.39964467220602723,0.5617070810210484,0.40446859418714676,0.5289882930468603,0.1920939437844545,0.5273627377079319,0.20585427600461917,0.5300592425858913
camel-1.4.0.csv,0.16450414606133407,0.42015621305450324,0.2803091750979104,0.4401849037619712,0.3209411904587787,0.5157172474547325,0.22570426106558145,0.4123451979460163,0.30652298655371496,0.4475975782332456,0.1984271892352701,0.48909799786514213,0.3033504837493553,0.4617317345441055,0.31606274422006886,0.5152090139331783,0.27703817778730105,0.45185967865400706,0.29785843507590676,0.44940328740693436,0.24505412457657025,0.5309443683623383,0.32177269528706415,0.49445602958898244,0.3331366081000649,0.5114778671094283,0.3196828893967614,0.5112004600043618,0.32138505633131215,0.4761254372349821,0.24102532064104967,0.4554911385572543,0.3436457740210935,0.4661098439220839,0.31797110400889944,0.5115345383076831,0.26147000533578596,0.3966614129140007,0.3202772908121592,0.46518652616374273,0.26866218450889373,0.41790134120493494,0.3449219250659823,0.44050324832772386,0.3290794131562979,0.480557903744136,0.3201332076855129,0.49191781200503176,0.3404896186164152,0.46572447712127535,0.30990324236038447,0.47559647035587305
activemq-5.1.0.csv,0.22132191626403752,0.3186153961483345,0.24223296765156918,0.3633959147873313,0.3183899941271068,0.4346013367956315,0.23112939045809525,0.3306076969695805,0.3200918968592806,0.4003058370471781,0.2205733933336959,0.4354873793969228,0.2615581254596127,0.3587961719506751,0.3108986667018511,0.4303175712697405,0.24884683590922255,0.3903042006569791,0.2736354739162644,0.38632867703195284,0.2681799880384338,0.3646964036083882,0.3333199600132953,0.3942461297262614,0.319806620562063,0.4429937285977631,0.26557785579801896,0.34371108530228567,0.3200331895041595,0.39233067241933917,0.29852443346722796,0.38181254893818345,0.35420371529632955,0.3940800734650317,0.3381430788886819,0.4378143013459858,0.29687156570155665,0.33731475834884245,0.35118252532090405,0.41421366675169063,0.26138279150441784,0.3647584453207184,0.2991340513551749,0.4484423305612354,0.3118607912996685,0.4036766597110381,0.3132330935843136,0.4283327670835837,0.3427186765943834,0.3947652668429839,0.30427412539062376,0.40965810804821495
activemq-5.0.0.csv,0.310155186153418,0.41687164777830393,0.41687221974786254,0.5420608428015323,0.4436644820232382,0.5905170413967388,0.3386310381191143,0.44118015778906866,0.3531675751187469,0.547291163537558,0.3113945776970231,0.503776490323181,0.39675171302490403,0.5448816329835733,0.4370042136381602,0.5582677342650898,0.3756428102772326,0.5231816570475918,0.44951830224240763,0.5764834944671666,0.34273018272304456,0.5206615420558857,0.37563681805315924,0.588540125455209,0.44453123288727703,0.5739225224405333,0.32080210870535447,0.4857317238741476,0.3437479803182835,0.565373174809073,0.22215806274749986,0.4342791292020933,0.22843299540718123,0.5398141180396505,0.43691135016750204,0.5805761853572842,0.16160985345220255,0.451349697460749,0.17756473092346392,0.5123856907768946,0.35586394203491734,0.5140065968175251,0.3616622104459741,0.4716490989792106,0.44614513795432253,0.5850794076207986,0.4352356336102225,0.5775055163754524,0.18931749477841117,0.5380933238960979,0.16980398286219886,0.5260805059358667
derby-10.5.1.1.csv,0.24766679464702865,0.3859490957404458,0.3197024604867754,0.45305713575898204,0.37460195547249303,0.5101534033885062,0.30393694733664955,0.4240935694075985,0.3411210541780593,0.4569517983542443,0.2346695177090147,0.4586448172288392,0.3337984755799964,0.45427272332617036,0.3840488845079336,0.5060584018046528,0.3057887769003997,0.43175130610532175,0.34798508350315027,0.4566779442357802,0.3117209742256086,0.4470293434528495,0.37328465128038446,0.49020774297608266,0.38730857621896575,0.510481920728824,0.3098300381061441,0.42940850886402887,0.3651477327713824,0.48769792612437723,0.25181636747386377,0.4093273479315226,0.3199955767046177,0.47532512189557363,0.39154368953760904,0.5092987438304014,0.23842220706651576,0.41182303242125473,0.27745735385769377,0.4682312022494367,0.3263411511124809,0.4538564232073518,0.3853847804774739,0.4977542485368019,0.375694434572062,0.4793202592720323,0.39015948446229226,0.507696306760426,0.2833854183063466,0.4666132611176932,0.2551474456780334,0.47410422667575153
wicket-1.3.0-beta2.csv,0.20226008577164115,0.3632305632890649,0.23443147286518162,0.2915744603152907,0.30103748941985786,0.4283276054087556,0.19993143602825042,0.3644858925328493,0.2765869912577956,0.2668337606108599,0.179818283911672,0.42230919013072366,0.2396674237394919,0.33220470860070195,0.3089712905685906,0.4187083211623392,0.21288750176918822,0.3568430445161617,0.24014398102733192,0.278309889497396,0.22975470934756695,0.43163345052194824,0.25434865291573056,0.3365868046622874,0.3005735262047253,0.4574479526410468,0.2612846167550971,0.38474514451373787,0.2677448582106232,0.3231914547254534,0.2065580577382787,0.3356731685174983,0.2679381681891803,0.3183617493115835,0.3139958691223096,0.42564123334339843,0.27319066804453523,0.31315000924468767,0.2502521357309125,0.30616349224152534,0.22997772036556385,0.3036100737881814,0.29800502915962446,0.2702376832883774,0.2667307709412391,0.3036212548832877,0.308098660550297,0.397363138137312,0.2783960962538723,0.3152092093592681,0.2547231988027358,0.3030872710898522
hive-0.12.0.csv,0.0649218418460551,0.1576716232776503,0.13878221884183653,0.17762903099372693,0.18434937073317711,0.2143087457349932,0.13113259268179941,0.2016034844908411,0.08800166166420943,0.19270085599163025,0.11643064830072201,0.36081418691080275,0.1390720691381711,0.1445340459428205,0.1636159906396166,0.22733780511268972,0.17059524178436952,0.23267497645362406,0.1709719677744305,0.18624442455218365,0.05577202540578881,0.19727942387463385,0.06374503322188604,0.23115836259746034,0.18687373047264363,0.22177462338356607,0.022896792286835454,0.15984381071808204,0.044481015705493857,0.17919324738965514,0.05814365888430607,0.24481987655553594,0.08259632994649711,0.24436012230230877,0.17676415361850212,0.22215055173678197,0.03038415831456626,0.16062606649980987,0.03437079722826369,0.18091027557843192,0.12922918015899024,0.22784394197401384,0.11869661423663307,0.20827106596810904,0.1984920134274922,0.21201666031402686,0.1722209413200418,0.19052741013482627,0.07098908176240414,0.2441371230032359,0.02762890833555646,0.16788944652097904
hive-0.9.0.csv,,,,,,,,,,,,,,,,,,,,,,,,,,,,,,,,,,,,,,,,,,,,,,,,,,,,
