imb,smote,smote,smote,smote,smote,smote,smote,smote,smote,smote,smote,smote,rus,rus,rus,rus,rus,rus,rus,rus,rus,rus,rus,rus,wilson,wilson,wilson,wilson,wilson,wilson,wilson,wilson,wilson,wilson,wilson,wilson,tomek,tomek,tomek,tomek,tomek,tomek,tomek,tomek,tomek,tomek,tomek,tomek,None,None,None,None,None,None,None,None,None,None,None,None,UBag,UBag,UBag,UBag
clf,dt,dt,lr,lr,nb,nb,svm,svm,knn,knn,rf,rf,dt,dt,lr,lr,nb,nb,svm,svm,knn,knn,rf,rf,dt,dt,lr,lr,nb,nb,svm,svm,knn,knn,rf,rf,dt,dt,lr,lr,nb,nb,svm,svm,knn,knn,rf,rf,dt,dt,lr,lr,nb,nb,svm,svm,knn,knn,rf,rf,BagNB,BagNB,BagDT,BagDT
metric,matthews_corrcoef,pr_rec_score,matthews_corrcoef,pr_rec_score,matthews_corrcoef,pr_rec_score,matthews_corrcoef,pr_rec_score,matthews_corrcoef,pr_rec_score,matthews_corrcoef,pr_rec_score,matthews_corrcoef,pr_rec_score,matthews_corrcoef,pr_rec_score,matthews_corrcoef,pr_rec_score,matthews_corrcoef,pr_rec_score,matthews_corrcoef,pr_rec_score,matthews_corrcoef,pr_rec_score,matthews_corrcoef,pr_rec_score,matthews_corrcoef,pr_rec_score,matthews_corrcoef,pr_rec_score,matthews_corrcoef,pr_rec_score,matthews_corrcoef,pr_rec_score,matthews_corrcoef,pr_rec_score,matthews_corrcoef,pr_rec_score,matthews_corrcoef,pr_rec_score,matthews_corrcoef,pr_rec_score,matthews_corrcoef,pr_rec_score,matthews_corrcoef,pr_rec_score,matthews_corrcoef,pr_rec_score,matthews_corrcoef,pr_rec_score,matthews_corrcoef,pr_rec_score,matthews_corrcoef,pr_rec_score,matthews_corrcoef,pr_rec_score,matthews_corrcoef,pr_rec_score,matthews_corrcoef,pr_rec_score,matthews_corrcoef,pr_rec_score,matthews_corrcoef,pr_rec_score
activemq-5.8.0.csv,0.18957055729011374,0.2563284355326418,0.2981298226249884,0.3166632168432277,0.2897517340517385,0.3909274401820859,0.2918152222977925,0.2338436420439973,0.2512885648967013,0.3103360527855352,0.2622262646081793,0.3063155813969876,0.21205392056399752,0.4311022724304903,0.2760428260722695,0.31242389781287383,0.2878233106316567,0.3905611969126608,0.2664663183759253,0.25302471962691314,0.2414834479566713,0.29844871249058763,0.27573582385946105,0.27777638288638856,0.24086753079978396,0.33588553803818266,0.3385485261824758,0.3557772595237026,0.284003096737486,0.4218905850147655,0.31951101580093433,0.34612106389422564,0.2805206073481804,0.29529709292278083,0.3178548630585548,0.35229917840961145,0.22370529986063575,0.29170129066624884,0.2968497653422531,0.3547016857454798,0.2940743274048492,0.3945127362049316,0.29950395702152943,0.3340944784607968,0.25449580143897976,0.28486767940319474,0.3109902987230631,0.3680368661631768,0.18788056066548287,0.2607799084775782,0.28009991271978496,0.35411504033910385,0.29480459135142195,0.3929888262789333,0.27726282632497123,0.3298825565814255,0.2393348881974177,0.2856098256523414,0.2840213519188999,0.3573923769718151,0.2887776314441418,0.3712238693339588,0.286172097403713,0.30652319365810843
groovy-1_6_BETA_1.csv,0.3887718865156735,0.4701531387716896,0.471815231000561,0.4751205923481903,0.3046392661522965,0.4145040072242386,0.4461843581754389,0.4307195307687725,0.3882701656315867,0.5380111494975236,0.5454090622975173,0.6013486653700787,0.3145409797879207,0.5141265210226189,0.3859989456035617,0.4186136832916087,0.24649799351760585,0.3925029214744088,0.3945681655554684,0.3669962825008654,0.3804870672632469,0.4456767012441311,0.4288922962240774,0.5032951549692856,0.4159212340536793,0.5244015791865632,0.4489142504587874,0.4695021254797324,0.2906082658745012,0.4121274971226527,0.3627530893420802,0.4195692606416646,0.4707899736743984,0.4866160034589078,0.5043629708457111,0.5370704289177062,0.4152857910888856,0.4910009858843878,0.4342681907061472,0.5107523773928813,0.27179242941244963,0.4156893963830101,0.29702855754604474,0.4410394155225989,0.4879584898938519,0.5720410123677866,0.5187946174319681,0.6173073178745299,0.42541216644116775,0.4977452354127097,0.3886788571848493,0.5079948394201379,0.27048109079949656,0.4122978764400469,0.2596387495555331,0.42829158021142777,0.4590699204718909,0.5703843524736965,0.5176979329845853,0.6286353913797983,0.25838449026006816,0.3572329127734518,0.4864496924068061,0.57147078843264
activemq-5.3.0.csv,0.2780597236872639,0.39579079081131824,0.3711716762854063,0.4696414616595379,0.3372881476349628,0.4613133089939245,0.3842294849090411,0.4335566908200276,0.2798394375342725,0.3910876767162004,0.3900504249861635,0.481092709541898,0.2643514241928633,0.4771366666109378,0.36820544862158094,0.4645446847659555,0.3346704023301008,0.45687212084856604,0.3500816379609432,0.4409012660457634,0.3055177926217876,0.408575112100308,0.3397914314641193,0.4533916378485421,0.3479729311770102,0.484399779118243,0.3866944067658469,0.4851874358750626,0.3279865839996704,0.4766207393603205,0.3926465929211552,0.4685113260229126,0.3412527116730751,0.4195026439558559,0.3872026343863019,0.4790366018251717,0.2891699978145035,0.3988633078414556,0.3848832554760411,0.4900298594554508,0.336426884172023,0.4554912484045473,0.3747779520445113,0.474149336558416,0.3530311617050343,0.4306332759888832,0.3976311215552231,0.4988694248373147,0.2821351501485396,0.3925740462312344,0.3750174034274123,0.4898674129020263,0.3347385584366214,0.4557998111839192,0.3721834902443423,0.4664424221807056,0.35892358251391016,0.4287075460716993,0.3752019385317237,0.4893109100652209,0.3439527043237918,0.4646404986526104,0.3673828510172693,0.4555274542674846
wicket-1.3.0-incubating-beta-1.csv,0.2786993847647881,0.3474428723029553,0.4103309520213419,0.4698611807158977,0.3322500436968493,0.4444944157388251,0.4412354857534384,0.4448199196857323,0.3544459176257101,0.4502577373715268,0.4096674639135627,0.4543927654665936,0.2889276991653572,0.4836539491246634,0.3779419350790348,0.4848674053576244,0.33598021564277625,0.4111586865756505,0.3540550073872327,0.3666612894034144,0.313129903830124,0.4056256536514865,0.3762638458308479,0.4621594793417978,0.3845147492347424,0.4589642250009125,0.4473558888633961,0.5122632599933169,0.33401476607917496,0.4666984245356161,0.42474405322684783,0.4468474261522038,0.37609711472216667,0.4439432186067201,0.4700770895183259,0.5099263096598885,0.3842882509483679,0.4427897654577962,0.4034225707974701,0.5083661950512244,0.33425181043094115,0.42831670216102297,0.3496320881779596,0.4648138712776423,0.3945445645178263,0.4512657896079722,0.42909318158482396,0.5536433116054735,0.3653428446747559,0.4246873205938783,0.40014292760020986,0.5059588040293371,0.3365031569105833,0.4197696889423523,0.35209202312013554,0.4541917955534841,0.3827953030848895,0.4475107175917272,0.4443556118894943,0.5590391046176592,0.3483063858616376,0.38946493427548207,0.4373042485900512,0.4629073301206682
jruby-1.1.csv,0.4225791620130047,0.5292306739197143,0.4086026405218523,0.5955705202884267,0.4539776521206894,0.6302753820727562,0.466974512107252,0.6113300625755443,0.38129208463102604,0.5439593406903589,0.5923444720009536,0.6844277096242845,0.3569122477919439,0.5371068706656539,0.4067846425924839,0.5511504784451282,0.4723224216674777,0.6216802690896251,0.4817441861423234,0.6368506602730655,0.42915092863361226,0.6234186073540906,0.4543140270785926,0.6695076765575849,0.4582612428871136,0.5769919403719215,0.4798741162402566,0.6442186325054183,0.42375732009838296,0.6085094992940179,0.5760035672056367,0.6599540401377874,0.5247959987766929,0.6509514419757307,0.5637091181923161,0.6942813033851303,0.4328228033101657,0.5341637292625976,0.5715325986966123,0.6547684133139245,0.4586932290551202,0.6327687694885659,0.6182745013530172,0.6578132688540761,0.6066068034916975,0.6452746703408759,0.6032246452009931,0.6943419519317198,0.4361591743436179,0.5357842148601845,0.5667799748375881,0.6499682054618298,0.4569589549288073,0.6344971649641554,0.6085375558710289,0.656897463417559,0.6028115484266711,0.6394704775649405,0.6049317547753821,0.6903693302520568,0.4658569696276384,0.6645440668035301,0.5370695370917453,0.681471845253655
jruby-1.4.0.csv,0.37335940805147255,0.5406520364309212,0.4143963540437234,0.5591506172942211,0.4364196955973528,0.6079884245933247,0.4354651287907592,0.5521073803573561,0.41669972162731,0.5441265793486029,0.4802798373121802,0.6226644875816761,0.3347311385231124,0.5578052952550289,0.3947077455116109,0.5699278228982474,0.4448096864439405,0.6023630103509172,0.4307591317636305,0.5500878682762412,0.39195095864830576,0.5546969752336772,0.4183618239452411,0.5987068832429157,0.39107043096114014,0.583538143331499,0.447098654113914,0.6104627636893263,0.43393418311880455,0.6006280206161144,0.4593406531800636,0.5924733474060668,0.4171093506618422,0.5940374859957235,0.4713185545053616,0.6244712186897315,0.3752956150752101,0.5412561539766757,0.4330988998121297,0.5830383103310018,0.4400886632412183,0.60698586805912,0.4528049885325785,0.5930192621068335,0.427466337960454,0.5829021034637093,0.4603031672374546,0.6177198147701782,0.34980874758053104,0.5200671716366324,0.4244569948768791,0.5771526990208906,0.4423253366414655,0.6093917620188091,0.4405899953443656,0.589096019493578,0.3958132608285912,0.5675721291140637,0.4414935247171192,0.6053795406047547,0.44026283318498,0.5992047732652585,0.4485790522314178,0.6008716404329014
lucene-2.3.0.csv,0.6363299675635674,0.7589529845033777,0.7008168259774308,0.8279581401049332,0.6021607365855001,0.7341972281537075,0.6875617507087313,0.7979161496394239,0.6271228699249,0.7917095691078363,0.7584368635477488,0.893279266741102,0.5783043268786913,0.7282774003414691,0.6736051203603637,0.8040168423563072,0.5479905252973829,0.7015043477446737,0.6668300539204494,0.7669202966112274,0.6389924275019083,0.7957495777417108,0.6882824670850312,0.8664954561273323,0.6237817918045148,0.7573311909407825,0.6759922432786902,0.7715133328924105,0.5618416587836803,0.7189684726461496,0.6719834412782276,0.7463036814966437,0.6536857498373431,0.8039435867141523,0.6882599943231109,0.8421270885387095,0.6368288892184389,0.7591582974434301,0.723881205813167,0.8327899721472641,0.5730456260488126,0.7135796316900909,0.6869316636711232,0.8095087882758127,0.6904817460616965,0.8085033630380282,0.7502100131613405,0.8834755796778196,0.642407154929247,0.7629238088856476,0.7184903113633584,0.8373938251071432,0.5530110560980118,0.7139819130354271,0.6584946110063385,0.8167313299239756,0.6891115657388763,0.8091741714868612,0.7555767113495798,0.8876573094095493,0.5750968161334482,0.7136331036308471,0.6966654339743711,0.8515871118297763
hbase-0.95.2.csv,0.2463544162155923,0.5246874684854331,0.3798277654576811,0.5827944926643004,0.3225840153527321,0.5262011765588602,0.3950245180967009,0.5530271845803761,0.2827950593935831,0.5145809873873938,0.3887859073980103,0.5748465155667353,0.24046669528712375,0.5586624962631036,0.3509232436446077,0.5797547986882614,0.3223293730781534,0.5206303309387199,0.3768482624607627,0.5530173581938578,0.31846513799488485,0.5363339030434651,0.3708981744659128,0.5719370554989576,0.2733883315369497,0.5955800958710009,0.3420675181151117,0.5845674870892344,0.3226758750993875,0.5471410086605639,0.3467412186498469,0.5293933186710742,0.3138079253184433,0.5888588912989412,0.3409468417921361,0.573364693127292,0.2563377869969197,0.5340818106786931,0.39773710834073817,0.5919764045917313,0.3307430791329379,0.5220054642472629,0.3691364635119847,0.5917992771467303,0.3486155678782339,0.5379464621933104,0.3895068345512669,0.5876020451377879,0.2483607529114057,0.5218663116440276,0.3785141197482669,0.5939189721604623,0.32916908940157685,0.5218035006956058,0.3548825628104575,0.589975489262237,0.32751820924397146,0.5289431896867274,0.3780337278762629,0.5833713283005961,0.32407777308320884,0.5209871369195871,0.3814520692540161,0.569305303406354
lucene-3.0.0.csv,0.3080145984825995,0.4317773934107885,0.382477803207973,0.4604608602375409,0.3067831504277561,0.3407538727825583,0.3791046318244299,0.4758350896042087,0.32161545229291205,0.4211311602882754,0.41624963932897857,0.5183921210171261,0.2722877572297409,0.490579432766537,0.3391064812085013,0.4057094922275734,0.30067952855056485,0.3181280681552214,0.3636820679993176,0.3871022422132868,0.3034408880475338,0.3660608507098255,0.3690469322103497,0.4568346087803241,0.3298885065672612,0.4785189586523906,0.3895336369685943,0.4226902278725205,0.2919258054385654,0.3655267858650072,0.3348256930372478,0.3847721994588889,0.31373086031728803,0.3840420776144215,0.4234705740669656,0.4648484374851553,0.2828529448822535,0.4083986992903557,0.3969979663709564,0.4901852842674279,0.30961990938781986,0.3265804247616268,0.3066664058176592,0.42451650622210574,0.27002485749908384,0.3959891842600773,0.3964013124727522,0.5517175151905857,0.3208325738809641,0.43949857960036026,0.39570784030590006,0.4840905621757664,0.3105387042051212,0.3245963597301529,0.26359679175491296,0.4204966147374327,0.2506465042094091,0.39249330721107256,0.3616065089855505,0.5329309754191631,0.3170593483052824,0.3026788953368511,0.40075900722812935,0.4887318163551541
camel-2.9.0.csv,0.20168470323884746,0.16936609156431653,0.22545441066617494,0.2432995866465083,0.21220350835666935,0.3600782410720019,0.21519744621144568,0.15554991340110516,0.2128470077761853,0.2864429002851076,0.2873678725388608,0.2571907294210612,0.14178334776609666,0.3895571313766288,0.2237584085173714,0.2384436403612745,0.2328251133237576,0.3564623383954305,0.22248788758824253,0.21028098345454194,0.19667170589115265,0.2929377794738115,0.20646587677941208,0.232892471197533,0.21449547920626905,0.2561322956646921,0.3358986274180807,0.29611130966712823,0.2340004989235248,0.3640388759044447,0.30181655967498466,0.26029921663165684,0.3136737251405611,0.2732781408866348,0.3133470769787301,0.2625089088202265,0.19086547426439687,0.21317773097091008,0.2642077485819817,0.2885267677619661,0.2327104497826371,0.35729954190921115,0.2386409506741997,0.2382932443600549,0.30004292579523306,0.2883189680421407,0.27890455180824925,0.2923058998495185,0.1864720544735652,0.2116137291804903,0.25606728817782504,0.2864503654513281,0.2294933038689894,0.3553117824741072,0.21673256507999114,0.2302263467042882,0.2931086583112456,0.2924568243559175,0.2847043598297937,0.2931833184931393,0.2292393338755325,0.34070981393232874,0.2395226394074228,0.2253334506349932
wicket-1.5.3.csv,0.14892407249199524,0.18427793545009502,0.2053371904430938,0.19868758962437133,0.2297718047103334,0.3156195659895833,0.22531943331769336,0.16278365838230527,0.20201196882683828,0.25420105361346984,0.14573970595122865,0.189456101361662,0.14784989473868593,0.3872237966879977,0.20034379026482216,0.18665871695159186,0.23453701884304445,0.31061667901183604,0.22800809047744294,0.18873012628238808,0.1990311154040803,0.24077462981906264,0.2250335110655088,0.17674273413071326,0.1649089866266776,0.23633507361550676,0.24054466791142196,0.22814346389364976,0.24095548755535506,0.3324226062874225,0.1902556884976888,0.18198375933972602,0.16699612634059136,0.15449882912903193,0.19992729815326368,0.2034073342121846,0.1146235936251798,0.17172741992054008,0.16231299183905545,0.22352741411843066,0.2435183324420699,0.3092462516558529,0.09611410117614684,0.16721517996953195,0.10259219564816932,0.1683753491677112,0.11054045126491334,0.21077042553008346,0.13189580499610692,0.1879853135846952,0.13960303521519607,0.219940120591078,0.2408423063541597,0.3072806946741313,0.11003955351217626,0.16596877529589812,0.0964883550395482,0.16803615371330402,0.15907634878889568,0.2060049771086533,0.24069740849135865,0.2492887299598135,0.24688861129575584,0.1945070349687204
lucene-3.1.csv,0.1020504283617924,0.1543169314473559,0.16299452004749682,0.1679049112956093,0.1683155027161138,0.25581971098794304,0.1454127092518942,0.11158955894528104,0.1535408244034392,0.19944030099088209,0.13020314814320505,0.1637701296480674,0.11611578648666042,0.3661294967809336,0.15666475742488642,0.16544361876065325,0.17090217681540554,0.2413409610097416,0.1656100383177482,0.12152217169024862,0.1288318144975241,0.16003530706387273,0.17072993928507846,0.1464514341698617,0.18882391337122545,0.25107414325206623,0.18024353013050004,0.19951741988451388,0.16823523873825874,0.2390687059840621,0.15929656945480905,0.1720220673365079,0.15177430443961482,0.14531380568642632,0.2572400126512695,0.25664093495844525,0.14261803310422738,0.1941638273225564,0.19803416643307625,0.19969499219452086,0.1700975620031258,0.22908337476668525,0.10317234269754318,0.16522057764884826,0.11860495900776055,0.16145897921326682,0.19676558068188768,0.2746946041457331,0.1350769194555103,0.1838294181426435,0.19722532156670985,0.19994890747761696,0.16987379218141796,0.2271451593589755,0.058443704243892586,0.1631918278854502,0.11868590960874233,0.1689700651689005,0.2072527720148153,0.26647841353614504,0.16859864564505966,0.20697685635031204,0.19962362525233815,0.16562588710626552
groovy-1_6_BETA_2.csv,0.361942604228471,0.4508033358954443,0.3983778938989929,0.4284149021445709,0.2750670485110984,0.40961403302321614,0.4269206652606045,0.4110180949005508,0.37958711468437545,0.524150065301546,0.4874514680227949,0.5745068913295698,0.2990013550878057,0.4936557895299339,0.3717885864725854,0.36333773944652736,0.2563379280290303,0.39311981990487055,0.3787403396510324,0.3169803121627069,0.3738286830273597,0.4653682685107578,0.42491481984954377,0.5084020742322356,0.4021491288673053,0.5077953521860595,0.4016539602452939,0.39242118534273146,0.2356145178556749,0.4110937494889601,0.3311206410630859,0.34994545572908303,0.4173034612747948,0.4385068237944143,0.4916355965875066,0.5354608968761665,0.39100570231715936,0.4704641283205596,0.4153068225744361,0.4707977762198672,0.26219762585100137,0.3952447175348064,0.22300140654299164,0.41624480994263136,0.3800553736536075,0.4607244995394629,0.5317437154432763,0.6219663095672618,0.3993569986554547,0.477234241366896,0.4058882123325029,0.475385802611565,0.26353241354603363,0.3944769454227338,0.2351912676947788,0.43228070963496,0.3792042784129731,0.4613907671093088,0.5392178821905048,0.6375772757823364,0.2519706947036023,0.33698983447113523,0.4612494116920698,0.5426920838980644
activemq-5.2.0.csv,0.37413250078177007,0.4760793585447072,0.4525132346352176,0.6056544910561665,0.4189142463467169,0.5761094886594119,0.4730854760426469,0.5496627554826827,0.3832207466847653,0.4915405751452248,0.5253457572476741,0.6067165712537367,0.3254811844843469,0.5139856662067162,0.4461147479305068,0.6061653657664974,0.41581247202500776,0.5713913477111325,0.44456870700990975,0.5671856179539568,0.3663305272588671,0.504721548826861,0.4444090955738552,0.5743470340115949,0.4457676938870568,0.5595683544991642,0.5122843812859471,0.6194423746795086,0.42832286593249397,0.5874494867551533,0.517067703618636,0.5784625966089941,0.4501205561056885,0.5514896685581667,0.521729415001549,0.5961355762307824,0.3993898141054716,0.4955755898266404,0.5226688105484552,0.6228895860645896,0.4333133439836465,0.5773377386866525,0.5131095199291241,0.5904672245600328,0.43818934597249376,0.5036081052169411,0.5283899180128929,0.6261493012954761,0.41139004652935546,0.5025463321497742,0.5239675605851715,0.6242365663146789,0.4303678155962994,0.5759459782606209,0.4767597034140282,0.5912339824185618,0.4218510655349765,0.4988884513609189,0.5232029121485533,0.6242016567605831,0.4211885689938223,0.5890431869025676,0.5142539802240561,0.5753557163764129
groovy-1_5_7.csv,0.2267568735092191,0.28026278746233435,0.3173369396914369,0.413658094910454,0.3078829107701674,0.4685474520901753,0.34975727496255965,0.3598838240504609,0.27552247167307703,0.39120526740328215,0.3737979157531832,0.44104343641604,0.14698955876842876,0.3974105844666667,0.20512788431451268,0.41986560447785787,0.2478655034464937,0.4155384285284599,0.32324836577519056,0.4771382004810494,0.30976452480499755,0.4361253855684041,0.2581556708546694,0.430433894090932,0.270255236217821,0.3323008179806715,0.458396117551727,0.4265219818887677,0.3049750427153841,0.4590342854895975,0.4472065365555988,0.4528690617650454,0.4698082447097604,0.45252660081462703,0.4377243607378301,0.4479709750593273,0.2489099319484216,0.2963724438877802,0.4119502558057732,0.43551705988879696,0.30700928679590617,0.4625790172592218,0.3822172699839719,0.4284490971710816,0.360314355182602,0.4194128610635687,0.4644470517323636,0.4196910122098213,0.2567334538438854,0.30200574132501634,0.4136931743034314,0.4366874630970558,0.30840507818783197,0.4581153675426826,0.39190133136474,0.4156602375563466,0.3526526311178961,0.4446925444020217,0.410901090226384,0.4232430505461339,0.279491697414833,0.4377256191259512,0.35231159594922123,0.42965935618276224
hbase-0.95.0.csv,0.3474420407054943,0.5610270096518885,0.3562637401602398,0.5648056050473576,0.2968457377638077,0.4718568040593458,0.405870055022252,0.5771875746698272,0.3792456414366898,0.5769302703567596,0.5005292176782554,0.6642000083180877,0.31271247107996913,0.5751611647362089,0.34460055399643497,0.5364129040643081,0.292327473576089,0.46179717856624,0.36941511667069005,0.5485112444241932,0.3807862896799564,0.5569361416919607,0.4507749108288888,0.6322509444062733,0.3626173680988625,0.6039207276601002,0.35334433675708804,0.5382281174076264,0.2893998241143708,0.4835241648579986,0.3935109398954397,0.5413391346061197,0.4020023281821235,0.6079077716115182,0.44967920502963865,0.6203037579528694,0.35275041176649546,0.5615962298703293,0.3858333170207408,0.5664038813441638,0.2968816835491816,0.4615809191425899,0.3714732651661508,0.5836683260108552,0.423429074751466,0.5945401278770478,0.4789899543262381,0.657352794212173,0.3318864967326782,0.5442533603947444,0.3826852574826887,0.5686646478273277,0.29928986865675183,0.46020139937822,0.33551614821441256,0.5861594950967431,0.4285113878110149,0.5884657883236334,0.479255874449448,0.6651802129408317,0.2982367978065382,0.479489283236154,0.4607579029468801,0.6342147466929762
camel-2.11.0.csv,0.225511605936246,0.20539786018853307,0.23004500847608475,0.17838709218040022,0.18216742850812928,0.2704785180267056,0.2385670693072337,0.16258197070169228,0.21175363227097832,0.2954621823662515,0.3130242067324186,0.32149017662507035,0.15270628956148735,0.39897862418822,0.21159735183220146,0.1576667972879962,0.17863840164396927,0.2589948670816343,0.18954275041971186,0.12956848700115114,0.18868581773631876,0.28135435138776244,0.21228639039288155,0.20980770332756385,0.2624655694872205,0.3041610020260859,0.22613018395961826,0.2014251168930824,0.18153750022800594,0.28062389717256264,0.21148134529191093,0.18540489596817095,0.26682274921784377,0.21498951859075616,0.3047500891208305,0.2622628761405995,0.24721504235716715,0.27592168599651085,0.13085712958577986,0.20307790103150508,0.19719228766694752,0.2558257364323108,0.09353174500643628,0.1933456721155751,0.2111408873695174,0.2036463552867394,0.2536852765420292,0.30626153159937697,0.23464519382436816,0.262723326028849,0.12457107049117105,0.2017705726736447,0.19799940184798215,0.2531740127619121,0.07966890972723094,0.1890200621372914,0.21279488589227671,0.2076165207247735,0.24062687460769575,0.30806968883347424,0.17739449861082174,0.22189781468422592,0.2456406050886456,0.21522383694445826
jruby-1.7.0.preview1.csv,0.1720603532261613,0.22266683183370112,0.31610951349561683,0.3087982675358262,0.3021734365613437,0.41718145577686,0.3148241565089882,0.2809562071817699,0.28584723563593684,0.3330049954694051,0.2711260349557948,0.27947126510752496,0.2320010944162361,0.4302196713475068,0.3013639390642651,0.33169964723488504,0.3095520903551844,0.3974194292858341,0.3338982027520116,0.34797350473580385,0.31181126571238155,0.3746614697065547,0.29305433751618937,0.31913840929245085,0.3246931065978603,0.4079458503436855,0.3851673482340633,0.398393667437691,0.3092697445509685,0.4323947282505037,0.3870047648946716,0.3677433260441911,0.33094340679728185,0.35642383311481995,0.3640508125911315,0.38557686484382936,0.2435947180515229,0.30729174066537107,0.28872180851833795,0.3736656571869581,0.3172795286614506,0.4044894736286315,0.3214893195142359,0.3584824613544253,0.2546752797884437,0.3280197622113908,0.2882274743578617,0.3799624889736946,0.24739462294594275,0.3113195041837658,0.2803581184534427,0.364430364771394,0.31970839483427155,0.4040831426286,0.2720261425190981,0.34626501768463025,0.2395461606290141,0.3267483437077001,0.25366659762337,0.3689450427057204,0.3180004897036776,0.3670764530212912,0.3493328982772602,0.3168569171255345
hive-0.10.0.csv,0.3453958704768472,0.4576324317537489,0.4530054485329285,0.5452402796808797,0.42857366281988335,0.5029677361210294,0.39862384401194506,0.4865616568932554,0.37140571220112695,0.514302571073509,0.5222660175647357,0.5488982551472437,0.30732862025268737,0.5077194092513362,0.400530105617856,0.5082348413175674,0.4247977436974783,0.4975455508651781,0.4131843437989084,0.4554461870211992,0.3811880226917941,0.4876464900971414,0.38365271743627977,0.4846647072000582,0.3930760165721277,0.5246432498179546,0.4772743444531479,0.5578407364394533,0.4100357444701921,0.5362474526994608,0.4539226901119099,0.4929690268742011,0.4438617019402347,0.5145685014806011,0.4760159858116165,0.5401399799123329,0.3610093491482572,0.4674925885903287,0.4525173900830198,0.5561309182020046,0.4325955484611704,0.4941459598364096,0.4193174380234956,0.5171367561891878,0.4202388903864331,0.482657710513425,0.4790199772657157,0.5472943078631326,0.3393053362977887,0.4480715491787423,0.4338769509597616,0.5599195109916743,0.4290871951017037,0.486100685300024,0.3831479368833066,0.5182745948992601,0.4023916678777266,0.4843326348301267,0.4422472303349576,0.5543693835397535,0.4251994475766732,0.4866991820520588,0.4381339672824171,0.4984002496499179
camel-2.10.0.csv,0.2234137102289818,0.1939698335271946,0.2359850385955357,0.21350554559032475,0.25892165817082324,0.3659722120132086,0.26897170162640505,0.1927114863175808,0.223362147037442,0.3030468236157565,0.29355918286990024,0.28948639306884993,0.15350165088725554,0.38890330881411694,0.23515267702261766,0.21408603376173235,0.2583769098601089,0.3604668720527533,0.2486642949085659,0.21474471652115865,0.2217326038377096,0.3093162269522071,0.23500463571770605,0.2385922734778684,0.27443820199984026,0.3146844071667001,0.2768739858642329,0.2643424299491977,0.26144945584825224,0.3807471040520268,0.2886421790949602,0.2501083044658905,0.28083750145032216,0.28047825014761474,0.3079854898698194,0.2829489253194442,0.2059040577768641,0.2316801225512088,0.21702858126362107,0.2464609705235822,0.27749020873947305,0.3550071734536647,0.1046493862067618,0.2104712051473663,0.22025254687123488,0.2113446211785968,0.23373988302134735,0.28147292932095097,0.1914179419475298,0.21674769379406306,0.1823475867695411,0.24589778048088115,0.27937420189327633,0.3521045872180742,0.053139996470897975,0.198107714588524,0.2135092423574959,0.2086399476327564,0.23038149917372455,0.2891021412729393,0.26129989054097874,0.3272141324968187,0.2789934814381405,0.24517428501859376
derby-10.2.1.6.csv,0.4547963598131768,0.6971655080463208,0.5703901461910302,0.791316477816963,0.5322345718677753,0.7514582640087372,0.5833694339047935,0.7796114968228047,0.4648242631519443,0.7271823920977534,0.6017674926838154,0.8109995059834388,0.445399999060553,0.7000443429627689,0.5753982372946962,0.7862449602373899,0.5333804220202516,0.7511214605462936,0.5700586201237321,0.7768764812811019,0.4792585522080624,0.7305221557716226,0.5819758845370561,0.8030631781415054,0.4550504108472019,0.7175859653907206,0.5412154603289724,0.7717280082276907,0.5428865445809832,0.7671463379533532,0.5410255754857424,0.7620025055304991,0.4712145955615402,0.7287196249669097,0.5539701917197564,0.7755566408280766,0.4651479263274007,0.698584077463608,0.5805076992421706,0.7920044233560565,0.5401981163920603,0.7516074336411427,0.5729185414430394,0.7803647345521779,0.4887478972797625,0.735346416785187,0.5944730870814845,0.8036979658011384,0.461714278072288,0.6962919212755808,0.5750202612618768,0.7942987696201391,0.5347829322553685,0.7508863621975876,0.5687651107504506,0.7829488136137351,0.5007473687803915,0.7403390392427359,0.5925433016535164,0.8118719194179888,0.5380698794372307,0.7527305977811561,0.5940288772071234,0.7872064022529504
jruby-1.5.0.csv,0.3577280111109096,0.4305202559975687,0.4276167301861187,0.4726332568273574,0.41721920720831823,0.5333520092140543,0.4556972800131594,0.5024200103377919,0.4058291974634747,0.5240515635025065,0.5135141702520888,0.5493370159281143,0.306113677937426,0.4883342023392329,0.389098140645299,0.4687013348250097,0.3931646417548327,0.5245818607249582,0.4088805585805903,0.473893013658313,0.3816850280281428,0.5048761175788996,0.4152612182913975,0.4875985466597266,0.4002906156044992,0.4939314065917783,0.5303211971757659,0.5322650771036728,0.4031064015439372,0.5170678225952924,0.4892224082866642,0.5127946387090287,0.5048886886252427,0.5637500029298664,0.4738450877076211,0.5067159719925097,0.3434932532140127,0.41931599636505695,0.4684931777694417,0.5321463110181901,0.4038819120967172,0.5363058056097924,0.3803132661720357,0.4619127862880956,0.4789034218689204,0.5177070814598291,0.4156421747033894,0.5203738267026408,0.2973359096722768,0.3785075647510891,0.4459554210252337,0.5285251130998312,0.4018789237142565,0.5388885661322231,0.3188856376014353,0.4570398340608789,0.4511490423605927,0.5097634774559411,0.3987001068316685,0.5312496704191766,0.3909290702357824,0.5182410588122647,0.44425656795436536,0.5108394073611813
derby-10.3.1.4.csv,0.4001708628018321,0.6477824832148911,0.5070256314057406,0.7301079342160562,0.4145989977857459,0.6490391341335754,0.4643003724048487,0.7037460740069279,0.4064903175761527,0.6395743474941242,0.538920949988984,0.7275267591117691,0.37219110401356176,0.6471395996371132,0.4926080462665411,0.7218500210230784,0.4167745685396793,0.6475630931306467,0.4478083826383628,0.6908101772101256,0.4172942173332153,0.6481534882346339,0.5215469363972285,0.7136197467447313,0.3950896831087027,0.6741438385045001,0.4605549604066425,0.6965326936993415,0.3820232631092609,0.6575404992083483,0.4231809509880479,0.646648586431466,0.40027781619753183,0.6711800007767326,0.4535827628759681,0.685596501782763,0.409407907599052,0.6514974952717957,0.512879726135382,0.7307640380903458,0.4220812705855999,0.647481977105398,0.4648096656424646,0.7060599383723101,0.4321909995736274,0.6604983225788859,0.514959259336787,0.724566372307039,0.3980496194070065,0.6419125210222938,0.5085588974251081,0.7312852860410373,0.4170037699819515,0.6484665150315178,0.4638612254299917,0.7096465211497385,0.42844955383897465,0.6625410325191861,0.5031821296921983,0.7281716370285191,0.4160951175055011,0.646743338534174,0.5057142966938963,0.6992926706834892
lucene-2.9.0.csv,0.3094431237813461,0.5111327554765139,0.3668614661437285,0.5038965711488298,0.32646304718418045,0.472108183889304,0.4027245877384488,0.5017037162702441,0.35352157499761466,0.5351379266574764,0.42706113784160266,0.5808620569371565,0.26353269195226986,0.5288575109111717,0.3588650121623765,0.4884241698754048,0.3132159044435823,0.4576687151141245,0.3856518338086146,0.4871242975666752,0.32145171914823545,0.4734963736387145,0.3968405634794135,0.5199795226370789,0.32751483969445616,0.5554470793281391,0.39511962239943815,0.5065689223765484,0.30077505913348423,0.4874936923471208,0.3960689299484763,0.4924205040960897,0.372238124250926,0.5251642241671961,0.4141991323811357,0.5199044483209381,0.3173328691493186,0.5115358016942774,0.3465834147612914,0.5149292731536969,0.3220132264007545,0.4670629241657383,0.2644003442845219,0.5093841598621194,0.3662086407865817,0.5329017050891628,0.40619612169810027,0.5901550059057467,0.3087736266932065,0.5042028159057371,0.3276647577495389,0.5180254120046786,0.3210641681135726,0.4632364272775017,0.252153475392727,0.5059095767616081,0.3436118919473669,0.5232895856397877,0.4020578339243073,0.5903803288461177,0.31817074941356704,0.4621957114216606,0.4113518330730037,0.5374946081488489
hbase-0.94.0.csv,0.3910380943218955,0.5489447257255244,0.4701386227349872,0.6482923105316862,0.41963396415849097,0.5704661321785636,0.5004975317686343,0.6254358814748499,0.40011506151253895,0.5748197167838218,0.5357473827588615,0.642248515585438,0.35085425664824804,0.5771930813491682,0.4669146224766921,0.6427009989533771,0.4108984095510347,0.5452672527669145,0.4567602556581021,0.6026219579558947,0.4246165384762943,0.5746527093104178,0.5057595156220657,0.6343923980552629,0.4333754163778421,0.6277949296961158,0.4877486163475897,0.6328020009626053,0.3845145260772995,0.5720251480201227,0.4795680705254475,0.6044310511041416,0.4572375668787694,0.6172083822943143,0.5143553921892626,0.6249573874645941,0.3939050838790826,0.5740559218997834,0.5121810001234806,0.6670952112541119,0.4333625943651974,0.5575981473411155,0.4786398745370432,0.6492035105525027,0.4372066044555952,0.5710216091996156,0.4898267862938618,0.6640033078488536,0.3600021120334874,0.5469786337740961,0.5070764734485875,0.6687450611364332,0.4284835450969229,0.5553970141727558,0.4366301027523739,0.6449531716697469,0.40421852822247145,0.5340059770104122,0.457068727888484,0.6550055174606396,0.4137664600692141,0.5740766522175046,0.5101702524335047,0.62610096019269
camel-1.4.0.csv,0.28995877798993724,0.4851373498109565,0.3843630775061321,0.5000751397225698,0.3341597599280897,0.5173067612360425,0.3995426301944592,0.5207336320199895,0.3303302872655823,0.497884981545684,0.42461114094875785,0.5579178032714789,0.2715429848486156,0.522888245100389,0.39697715230129693,0.5113262600166604,0.3264877910767716,0.5158310267482153,0.4003890584308034,0.5169450170116311,0.35221455251873074,0.4743679115805545,0.3759941688859593,0.5477155456110573,0.3261601997543104,0.546697186621077,0.4108752748202403,0.5277773721604805,0.34511889988611605,0.5178802412734413,0.4127358282182387,0.5522886242684217,0.3668515249074445,0.5333671435871398,0.3935884850330035,0.5552246789932501,0.31446315599985064,0.5008014825071906,0.3949097438727919,0.5298722389045097,0.3317941800768098,0.5225202021881841,0.3694121767294545,0.5363119221819638,0.3575186581623587,0.4711313471093422,0.4078230606120928,0.5651492619646795,0.3022700958223712,0.4885536554729844,0.3878061045168365,0.5292077193860399,0.33738842632711885,0.5211094300340698,0.3669927058448145,0.5302674967245985,0.3526727214881207,0.4609108973689519,0.4060998770845332,0.5586338083728335,0.3356520847320621,0.4941452308343455,0.40462039747659456,0.5428134787409862
activemq-5.1.0.csv,0.24555923029423454,0.34064599525138656,0.2926355776401792,0.3883362296609618,0.3223843577087553,0.42680376334788944,0.30736407596464266,0.3078454829138775,0.2726610302922943,0.3642259681236698,0.3378756818059358,0.4019114271734807,0.2181165790753216,0.4297540831617536,0.2690891191571529,0.35581766510337715,0.3157616229304431,0.4251882628708744,0.3044838470724093,0.3302070337234635,0.2642782432247379,0.3616183478647038,0.3030147633370656,0.3626189848687778,0.2572627301544317,0.3699617867174703,0.3425090844192054,0.398983824986564,0.3141251083551908,0.45116482947250003,0.3034458320418568,0.3846529764911037,0.31469627164285635,0.3764110744133192,0.33818228534812284,0.4134561642139479,0.2523844126470388,0.34290154011906937,0.31915572139488274,0.39765175003653497,0.32337847945510684,0.42890657726793213,0.32587657922665897,0.37333868201564097,0.3093154308128925,0.371128113746932,0.3181972769174946,0.4175835156334921,0.2059249861346152,0.3003721922996195,0.3119883764819548,0.3959180317328864,0.3197685094485453,0.4277773334015781,0.3150981576106629,0.3704298503007793,0.30853434674176844,0.3689318850372728,0.2917278125068312,0.4110304943556707,0.318803573182782,0.4205264266172512,0.3192036128117274,0.36462482893663023
activemq-5.0.0.csv,0.4740235991285239,0.5906700652938851,0.5435417799538615,0.6275766564239375,0.4561472230072314,0.6023625828846455,0.520087775347747,0.6173878283913778,0.4077392727056605,0.5561189232411818,0.5927885856232629,0.7129490386120892,0.4033973749820515,0.5830208180752774,0.5095631733976321,0.6243915323682215,0.4517114583529404,0.5915271050193331,0.4314564509949653,0.5928597782264947,0.3951707937930408,0.5425585988743449,0.5248008898721856,0.6805065825673258,0.4799415757395448,0.621161443713185,0.4859570849934432,0.6263550098791268,0.4223954170001179,0.5902810266084265,0.4379924534407384,0.5998322771790461,0.4277911574176352,0.5797165718996229,0.5364699859823346,0.6773861829908614,0.4611180593765171,0.5828534784294683,0.5013277657580114,0.6564802327661522,0.4627591006113286,0.5944846991958582,0.4724261928184135,0.6167140653639459,0.44472956503160704,0.5558702339290325,0.5881759026672344,0.7186414515349214,0.4668957842394998,0.5855589198932436,0.4941012034863281,0.6587480809370733,0.4587117053274469,0.5975471088719378,0.4551134621196169,0.616589115189133,0.4304018937671869,0.5650520725702973,0.5947975432015262,0.7276621325066083,0.4587297727693412,0.6034755698824231,0.5582795204894822,0.6793479718657879
derby-10.5.1.1.csv,0.2649258203054366,0.4134788100344814,0.37055416903064986,0.5367935201054977,0.3601525142112497,0.5086313756752447,0.3904522088519935,0.4725676342622938,0.3091100392240632,0.4656460192326273,0.43110481728658784,0.5275742933419365,0.2431196185838371,0.4805976847856807,0.3775093101122097,0.5142663660216318,0.3708538793600434,0.509943387394769,0.3713902122417859,0.4691961954648234,0.3161050171122973,0.44722728120850136,0.3792443028707672,0.4879925761122009,0.3182760207573569,0.4924985167404634,0.41498641439158745,0.5366734416711885,0.3592700065271984,0.5300524749357182,0.40665794222909135,0.4957239692486574,0.3880213406238913,0.4818461586516804,0.4125175226595297,0.4825655925360658,0.27289993977153143,0.4202409498731434,0.4284451504279361,0.5481156761584194,0.37406239751456105,0.5094319932070781,0.3799875905465426,0.5068454457843834,0.34972148317056645,0.4548014876213234,0.4111272642955598,0.5357297984643892,0.26892735649413546,0.4162827433035632,0.4253641219235413,0.5473640796334143,0.37555495317168414,0.5110899274594987,0.3840602720758924,0.4995607530820068,0.3554830732053623,0.4602098821414486,0.3938181771215512,0.5366208417116053,0.3733757776044681,0.5075867882642164,0.40699406463984494,0.4764711265598591
wicket-1.3.0-beta2.csv,0.22129612355828315,0.3091412005114104,0.30479215023897177,0.33907308220451915,0.3237304999882348,0.4191109159641301,0.33844730079841684,0.2967793119136724,0.2766442101343461,0.34368681621692304,0.30444924342322505,0.3268649437535789,0.20834176712346228,0.4302073291248052,0.2977949893509244,0.3408734946323011,0.30594576296222586,0.3934730370085987,0.3113229913102936,0.322124727722916,0.2751556229822588,0.33241597028066017,0.3083558164494943,0.3426484380377815,0.2839473303815286,0.3936855768763173,0.3356862797048006,0.3778875612369216,0.32179995704706804,0.4280952254191455,0.3322216394250283,0.35484500841550903,0.3070376049666283,0.3220388545621676,0.3380468291362129,0.3858819876162631,0.21310877808160694,0.3044236583895421,0.2980597371314959,0.36834815105578783,0.3171903993008366,0.41235869095118416,0.23532767792493306,0.3323264891011727,0.2570120590312078,0.3153798270420903,0.2611180135849,0.3742828157418419,0.21887221990551275,0.3050048122530358,0.2961852771211161,0.37344149871784704,0.3140198139171526,0.4055988187624529,0.2314228241746776,0.3276036044958665,0.2485603892859508,0.3121091474137858,0.2538252202182533,0.37680647482265184,0.3156760926164882,0.3828916050821359,0.3324774314096749,0.3409022019912901
hive-0.12.0.csv,0.3240910733883325,0.4005962330655861,0.3328256855703108,0.34612509612649395,0.26916808489216626,0.2314916757050081,0.32885528462845154,0.3604477090255013,0.3466780103188274,0.4508736065955785,0.4550237233246607,0.5534674443436542,0.2805131136139176,0.4845478598837436,0.3024242776570873,0.28728165491691715,0.26235834176333545,0.2326481902901529,0.2956825473911993,0.3044123655318156,0.3007548932496193,0.3208322265070105,0.3457656796458477,0.3953971487295878,0.3138379307031455,0.4303307166069025,0.34391031205164596,0.3264703895082268,0.2637043862059305,0.2605610600151544,0.24256606337144426,0.279057244246996,0.2975784881869906,0.3216497895620731,0.381148991862053,0.4419168138539534,0.3214473424607736,0.4056004773133795,0.25875372958042425,0.3642408125565924,0.2631949513482613,0.2263015554023624,0.2053786297970348,0.3400918346686545,0.28650139708294825,0.3736838014794624,0.3799099568732396,0.5222316551609825,0.31648457111971096,0.3999941633303014,0.2420663343079732,0.36792295175129786,0.26469184804055085,0.22302138277834568,0.22159957165959354,0.3648121088554861,0.2814907709818835,0.371715397317774,0.3830856410972872,0.5241951621682704,0.26953945563341203,0.221514540516284,0.3703960393931359,0.4065026277986656
hive-0.9.0.csv,0.5118986579437537,0.6520205461349589,0.4957812243172547,0.6456591770527568,0.4382087670319346,0.6266941028600491,0.5025752350336287,0.6270711756648555,0.469043274920097,0.6614195386383749,0.6162766356164604,0.7766547892788851,0.4488244860154264,0.6348216399042494,0.472030333179357,0.6280304478457753,0.4396349714012116,0.6242884689265111,0.4456598986499089,0.6077911746892454,0.4590453640976777,0.6562303031751583,0.5295438283018769,0.736365885155446,0.509297184136162,0.6697406793111229,0.494424271247481,0.6288138138508568,0.4072569304952556,0.6096607768441555,0.4635648688777901,0.6237807633886171,0.4867851105839031,0.6689087478732797,0.5461005827967088,0.7192850230112523,0.5322764446041183,0.6645426056175269,0.5193964504593253,0.6633198610266043,0.4401606255875693,0.6279608485288688,0.5053895489478648,0.6671554553636767,0.5345371030271203,0.6784549978059584,0.6373163567628857,0.7771540126476303,0.5279422494420177,0.6581923103937878,0.5119432128004098,0.6638391233439371,0.4425628308092275,0.6266871837669341,0.5059147586263382,0.6713187015075154,0.5358105557892285,0.6834341117786903,0.6352387095051184,0.7819312759985876,0.4456394756716127,0.6252023442339569,0.5661382685921932,0.7425202225767091
