imb,smote,smote,smote,smote,smote,smote,smote,smote,smote,smote,smote,smote,rus,rus,rus,rus,rus,rus,rus,rus,rus,rus,rus,rus,wilson,wilson,wilson,wilson,wilson,wilson,wilson,wilson,wilson,wilson,wilson,wilson,tomek,tomek,tomek,tomek,tomek,tomek,tomek,tomek,tomek,tomek,tomek,tomek,None,None,None,None,None,None,None,None,None,None,None,None,ens,ens,ens,ens,ens,ens,ens,ens,Spyder,Spyder,Spyder,Spyder
clf,dt,dt,lr,lr,nb,nb,svm,svm,knn,knn,rf,rf,dt,dt,lr,lr,nb,nb,svm,svm,knn,knn,rf,rf,dt,dt,lr,lr,nb,nb,svm,svm,knn,knn,rf,rf,dt,dt,lr,lr,nb,nb,svm,svm,knn,knn,rf,rf,dt,dt,lr,lr,nb,nb,svm,svm,knn,knn,rf,rf,rboost_DT,rboost_DT,rboost_NB,rboost_NB,bbag_DT,bbag_DT,bbag_NB,bbag_NB,BagNB,BagNB,BagDT,BagDT
metric,matthews_corrcoef,pr_rec_score,matthews_corrcoef,pr_rec_score,matthews_corrcoef,pr_rec_score,matthews_corrcoef,pr_rec_score,matthews_corrcoef,pr_rec_score,matthews_corrcoef,pr_rec_score,matthews_corrcoef,pr_rec_score,matthews_corrcoef,pr_rec_score,matthews_corrcoef,pr_rec_score,matthews_corrcoef,pr_rec_score,matthews_corrcoef,pr_rec_score,matthews_corrcoef,pr_rec_score,matthews_corrcoef,pr_rec_score,matthews_corrcoef,pr_rec_score,matthews_corrcoef,pr_rec_score,matthews_corrcoef,pr_rec_score,matthews_corrcoef,pr_rec_score,matthews_corrcoef,pr_rec_score,matthews_corrcoef,pr_rec_score,matthews_corrcoef,pr_rec_score,matthews_corrcoef,pr_rec_score,matthews_corrcoef,pr_rec_score,matthews_corrcoef,pr_rec_score,matthews_corrcoef,pr_rec_score,matthews_corrcoef,pr_rec_score,matthews_corrcoef,pr_rec_score,matthews_corrcoef,pr_rec_score,matthews_corrcoef,pr_rec_score,matthews_corrcoef,pr_rec_score,matthews_corrcoef,pr_rec_score,matthews_corrcoef,pr_rec_score,matthews_corrcoef,pr_rec_score,matthews_corrcoef,pr_rec_score,matthews_corrcoef,pr_rec_score,matthews_corrcoef,pr_rec_score,matthews_corrcoef,pr_rec_score
activemq-5.8.0.csv,0.20852234215300508,0.3174816884218233,0.2464380904120565,0.29695797227997034,0.2857751853155171,0.4258840946572324,0.23895517564472435,0.17892256968487275,0.21165235884863198,0.3465039360659595,0.26264648582192146,0.27911811909758444,0.22672302454746684,0.4560995652075036,0.2392447367936557,0.27096835864536234,0.27223066827237724,0.45038670781255497,0.2491912167177392,0.22497709258961948,0.2217216520939967,0.36086772703074266,0.25386732972289605,0.3032497941425069,0.21309684469132625,0.2837366052267293,0.2462481128403789,0.2859112837534171,0.2881366005918312,0.4043840385011581,0.2717881226297406,0.28242647768399715,0.2152454111225413,0.2530360600104644,0.2648051660382218,0.3210785441942721,0.27313457786354906,0.38638214436591817,0.22454667368259115,0.2960847583265907,0.2911625503672965,0.37037760683733595,0.2715682464772138,0.2286876139847868,0.2254243900947231,0.30948291823986096,0.2734535682072612,0.3153955718728128,0.24230667167739145,0.3819110599111365,0.20916333894840533,0.2862812056391922,0.29139936835299,0.3672939727604978,0.2481696917037965,0.2224157448183469,0.2071526377101185,0.29890135368031234,0.2417020579448224,0.3101701624201833,0.2338094812128904,0.3949532472034572,0.2765824623968736,0.44245289085336587,0.2577252237268355,0.2896645140926715,0.26929117864310026,0.3739673420390002,0.28104044576117754,0.3278207607900494,0.22192613628898378,0.29293519952289765
groovy-1_6_BETA_1.csv,0.29704265515981404,0.4648391186649122,0.31363451290554617,0.33445618136156435,0.2645588605360443,0.4056437783583952,0.3385481724614934,0.3357049611721167,0.2618434147500475,0.4925494383970437,0.3876960897151587,0.4649673853976568,0.32722211003173896,0.5310440111270552,0.34276918805793105,0.38489868114723896,0.28666900269885903,0.4205843451789263,0.35893645820757314,0.4044955228153516,0.3190169446230778,0.4956719367523928,0.3303016033439408,0.4698216383475303,0.37327733517468414,0.4988602793803538,0.4221723946179647,0.3907943310063656,0.2686200297161734,0.4094818476652142,0.3460835059011376,0.38975039654274624,0.3789183972305839,0.4948348913129401,0.4250432397409446,0.46234440214784794,0.3802298165298068,0.4601996074553954,0.3404304419699507,0.3848901951891512,0.2612709322001933,0.4174934656670128,0.3287225760128502,0.4179595402864277,0.4229089991551889,0.4205034069214117,0.4603058443834714,0.4704194063094578,0.3783324328865341,0.45693014572664203,0.31072292868617785,0.35948911189051,0.2595535630429289,0.4167779998649139,0.3163573349753144,0.4044027022352833,0.4037347770045763,0.3867370022981138,0.4336732123916453,0.4602639817609507,0.3277405446908103,0.5254946516029513,0.29828683463351924,0.4291500897733511,0.3710629428974885,0.4405126946162517,0.27217894686529864,0.39067504552254334,0.2826032654433194,0.37290734692480704,0.4272263506989115,0.4615634287053278
activemq-5.3.0.csv,0.33333563557428464,0.44899484461368266,0.37679633567744936,0.4795547068160565,0.3228146943056576,0.4720253706098038,0.372577740885396,0.4328409295051641,0.33529193639749955,0.4721792584488461,0.3972424220134856,0.4692686990070874,0.2963510618800033,0.4704751197408584,0.3277302451965944,0.4419155033668335,0.32738059369257594,0.4719518691757028,0.3233551485093104,0.4199117776643896,0.3156702423008041,0.4654393819971703,0.30965922156215764,0.4117406378390093,0.3517500180611585,0.4560145008099079,0.3906793442618196,0.4688005493399404,0.326255815483572,0.4567012952490229,0.38918589676459375,0.4618140611885073,0.3307352480328465,0.4445985342427613,0.3823883964604493,0.4678997959697414,0.2811627600643953,0.4786530077510167,0.28849210770085465,0.4473824838204961,0.35562872422458297,0.4403720705860461,0.30693545758361657,0.3309425607640234,0.2956335326749865,0.4996597035486484,0.2751885139100158,0.4579262679392335,0.2417729347218863,0.4640929108835063,0.26253534723529315,0.4384549060153755,0.3468278789707401,0.4144559401696759,0.2677633796450969,0.2963494228801137,0.25151314623818416,0.5046632491086617,0.2490911705561585,0.4579648427861304,0.2934694261610924,0.4519592392992571,0.3192240630782128,0.4798222755089405,0.3286329002368169,0.44109945702354586,0.3205519152508287,0.4615728923360484,0.3471882292185373,0.39166557128860413,0.23307268412252186,0.4700231155635691
wicket-1.3.0-incubating-beta-1.csv,0.2374865958147633,0.4525240117261456,0.2322306805897537,0.4108801209956799,0.2998077085398308,0.4676924805847421,0.23508077697810825,0.2625274842405906,0.2074299925742281,0.4470374727058463,0.28660524158120554,0.3502556301725236,0.2373199505013842,0.4619604415680378,0.27807709599008884,0.3688699204818216,0.3013506493251313,0.4681445460626645,0.2774465875163198,0.2746841647818295,0.25143106613677746,0.4309816043636868,0.2722289312907174,0.3625753654749239,0.2886898539204934,0.4666924822532896,0.3073042147047352,0.38968629291662216,0.311798999822068,0.4715849241100593,0.30917086338049105,0.2652241566576132,0.28954364179631803,0.4192821404023872,0.29643827404443085,0.3744743766953841,0.2536517263762708,0.3565859701458772,0.3217235064804379,0.37644203176273855,0.3125327912388707,0.44146882215132505,0.30857097608294554,0.3344829219945448,0.2873042726716696,0.323218190676732,0.29951519845470265,0.2888047112495496,0.2673372986374499,0.3534058764416745,0.300128237348679,0.365164078318995,0.3166840224945517,0.4322976465445062,0.2836209856551101,0.3292608435451493,0.2814886915919633,0.3206600672418717,0.2643967593074728,0.3051333541332389,0.24171801997446185,0.4287768326072958,0.3039213587923701,0.4731587961312549,0.29397590668577833,0.3333000750452402,0.30999378628281765,0.4358021622523288,0.31816511764134553,0.41621310267421296,0.2775994300499064,0.29988925087692847
jruby-1.1.csv,0.3383094532961421,0.5484474257635766,0.36766767914811055,0.586843802614308,0.3741495637276893,0.5750495636943299,0.3813705918540048,0.4449805877216743,0.32412854572152683,0.5767604063718487,0.4050777263188127,0.5936239890686129,0.33899426197623506,0.5574214012621461,0.371475450789817,0.6084142038892922,0.3747048338894103,0.5740233753331673,0.3984689261751679,0.4783453779536889,0.3312575209424096,0.5897608126222286,0.3817087887847972,0.6045260888463964,0.36366412946241583,0.5627037654950943,0.4109918776186219,0.6238851394648325,0.3670710359500837,0.5690055853313646,0.4153536865503398,0.4646792105992441,0.3696586976870291,0.5969107563695062,0.4099175237016642,0.6113872470392941,0.4560153550055366,0.5714585812226062,0.494277903360527,0.6145792434482119,0.4098198736480258,0.608892294318595,0.5295199531945348,0.5933839319554146,0.4781262169176415,0.6327131426029193,0.5266737495445164,0.6561660053969572,0.4706228110571312,0.5755092685437914,0.4956148774967497,0.6089680728538783,0.42775917594643614,0.6129438213308205,0.5410966896681787,0.5996256985106235,0.4907942585610134,0.6403684268910882,0.5318314685744976,0.6589172617493207,0.36203002482248825,0.5889640659509346,0.3708197444815975,0.5709978877916302,0.4252457052753813,0.5964292438427498,0.3765601515197313,0.6175098304583837,0.42634094108755666,0.6153647485276057,0.5356725427944025,0.6434050156011397
jruby-1.4.0.csv,0.3251082105528585,0.5444804520478536,0.33119578308840986,0.584518032991298,0.4171745497738664,0.6002042721324345,0.33077935207767084,0.4736898975109902,0.3085805766902288,0.5411483351389937,0.3839008282052782,0.5789080433201509,0.32362029193162833,0.5508223738723848,0.3607003167172558,0.5546724779919063,0.437446054989049,0.5953231136673804,0.3600816468029168,0.5054160891652594,0.3271641513961959,0.5494549076714642,0.3560380953524562,0.5729709847857268,0.3425031753903079,0.5503242197824032,0.3991352054746655,0.576399004249496,0.41497997621809296,0.6054009385918285,0.4139292663831903,0.5392224989816777,0.3461450240060581,0.5564893286630413,0.3906218123517775,0.5844731456066419,0.384572855369616,0.5411962987821949,0.4395426413823184,0.5754110721011994,0.462150473565749,0.6002515534618336,0.4354832138992596,0.5354442113190102,0.4280607566053321,0.5646964573759611,0.4215784223710688,0.5840975964437289,0.3902066145225209,0.547104212472036,0.4416478701604236,0.5799717134685572,0.4605038031348858,0.6001099437374213,0.4436235305614009,0.5326497218157613,0.4425435667714052,0.5738629484913707,0.4262885977088712,0.584736382461598,0.3375595019131058,0.5497268424306622,0.4345463275164671,0.6094162290679183,0.3765335515480339,0.5881856068155892,0.427447832920811,0.6034698444655224,0.4510733935431765,0.5944990318476233,0.41852336476841207,0.5734898515820424
lucene-2.3.0.csv,0.4553390880876084,0.6502631546465201,0.4843263655783474,0.6813351105180903,0.4653670511459116,0.633297631506401,0.4787479812354722,0.6913769696341581,0.4443760484811328,0.6919286615937845,0.5579111560607538,0.7368034515242041,0.4769197693661703,0.6707271733030676,0.5408974691328519,0.6972364950648432,0.4138519952343887,0.6038533081619656,0.5351716360825673,0.7037911513605809,0.5356775482508981,0.7258801433750075,0.546730348152611,0.7343160597050332,0.5431250378061369,0.7032116935971385,0.6042293876779947,0.7415881923664007,0.4619886090199136,0.639037548933152,0.59142837262714,0.7348125356754123,0.5855206910234294,0.7503327267311185,0.5966968894897815,0.7409083441701592,0.5250211727724293,0.6940263385385187,0.5533649621909329,0.7593478845333169,0.4903312533390778,0.6665667692187647,0.521385606075176,0.7483931927740468,0.5102791794348144,0.7209761777015771,0.5491668535380497,0.7832540465877984,0.5035864256495252,0.6815631757295141,0.5323334802137396,0.7606462896719492,0.4793631837025002,0.6678948666378095,0.4878353762681696,0.7459893707302413,0.4792859858477547,0.7080934069371965,0.5193852134073256,0.779487048291585,0.4726943518840575,0.7024998827021547,0.4566596951966273,0.685097791261902,0.5635285403654778,0.7391669129845573,0.4264687864403845,0.6304292565089902,0.47970168858272577,0.6795834973573759,0.5370139706190773,0.769035505657867
hbase-0.95.2.csv,0.1731608591975824,0.44987625289503547,0.19304006308611413,0.4251833971806097,0.3177686204323145,0.5220036116855075,0.18444719311763305,0.420410697653084,0.1870776823533452,0.4570881868991376,0.24486526750748866,0.4758617184357031,0.20034819107565952,0.5341323146801216,0.2099388342951663,0.4094053570140575,0.29487775332616634,0.530147490509888,0.255969496451525,0.433342511469448,0.18731474293243675,0.4662446216860315,0.21552854402399546,0.4726242338725974,0.1904724417428064,0.4982848668632667,0.19548297705843412,0.4730188385142458,0.2907586737390754,0.5105053634348454,0.24700226474177744,0.4179607030331623,0.17603586381190614,0.4560375788936735,0.22631470127714184,0.4670776110706306,0.149133181781883,0.5453809829274276,0.1272178870921544,0.4604211977521572,0.24370086642401603,0.496664227773688,0.1598242254738267,0.30151819916024303,0.12709700278698835,0.5065352982696952,0.1582355444291635,0.4511683053629023,0.1424383194289667,0.5340557288242413,0.11114347893813052,0.4479016777198824,0.2393356325625587,0.4907852051501117,0.13778140229935834,0.2894805171618879,0.10201368821413227,0.4969068486997028,0.1403930014464486,0.44856796389078935,0.19002214321071936,0.4596383994791497,0.3057345855668768,0.5546413745505043,0.23679037167472475,0.4991690693314383,,,,,,
lucene-3.0.0.csv,0.2359051411345659,0.4247475148329991,0.3187556514045361,0.3472710375709681,0.3074267167056369,0.3335035136029597,0.3285955057183491,0.3391881446165784,0.2450532990848863,0.4538252352772184,0.33681957860971923,0.2948047887896258,0.2702184624320973,0.4965634725666979,0.3278487873723349,0.3397175631343293,0.2896228351966703,0.3587025446367593,0.3201413663751145,0.3203865462237951,0.2568893879883729,0.3964015992261528,0.3476094140304957,0.3156598158628532,0.30398935839142593,0.4602722723973737,0.32985184465626793,0.33749368222675125,0.3052134773923215,0.3579484031384184,0.3001801283100541,0.3122105400081121,0.3101855695267697,0.3593546173599343,0.3213216635689743,0.3128210207036106,0.17323676008289154,0.3050062990577429,0.19564319414993575,0.3007925237482368,0.2383502824919531,0.34807352225615545,0.11796622569499687,0.25079673402501823,0.13580340889968662,0.2330218646923523,0.10684003980209808,0.2746295466145556,0.16210729192900866,0.2936058932462549,0.15383884724809807,0.2880451123256934,0.2134213761058149,0.3517828056622749,0.09852169552798858,0.2340468874066485,0.11394496356015503,0.21652151893637772,0.06931819940640692,0.26566990954086805,,,,,,,,,,,,
camel-2.9.0.csv,0.18468823150946734,0.210542504057758,0.17640436245383714,0.2023773420705897,0.2205428310206435,0.37032094582168384,0.17739583675559778,0.16418294254663704,0.1872724949164104,0.30466389780231296,0.2697492034497178,0.19939904583262696,0.17726573315192845,0.3810806342139296,0.205125996610202,0.1956148579606632,0.2303016474794633,0.3722067046371544,0.22011560653868412,0.19058319217106792,0.2169789161493972,0.3346498737440164,0.2204827882607111,0.2721187315684847,0.2532221038054773,0.2859690466572702,0.29641459236529544,0.26772229828351385,0.2767763980926276,0.3289090431322668,0.2703201407236914,0.2244599465491579,0.2757744805974588,0.27473011876961706,0.2501161625471217,0.2452614568238324,0.17757809941581332,0.2798498971956102,0.21245412553445286,0.26082146919783994,0.2848379319307511,0.29430833619786306,0.17794011670536725,0.16792287323456992,0.18004080261239788,0.2556036603011429,0.1602987805499411,0.2413447814430618,0.159014931768798,0.2625385518506896,0.17203037826434406,0.2634260421671231,0.2830401589089817,0.2832099982443053,0.13846725765698353,0.15614047632931338,0.1435145553442041,0.25526160007380994,0.1280550556056792,0.239434565603744,,,,,,,,,,,,
wicket-1.5.3.csv,0.11688208673771122,0.15293386787575033,0.15980584550030005,0.14479522389013852,0.20852111473617985,0.3447599895123786,0.16285892783869113,0.13094991353089205,0.15403348395036098,0.24978385766102626,0.14399955882180654,0.1378108892170032,0.19911135594039486,0.4308674593234336,0.2052302527966184,0.17826794869015675,0.21603776088703894,0.3892728093677275,0.21660458891303644,0.15424156937847985,0.1950037344239896,0.33838899040684184,0.2133186981407568,0.2515800622869785,0.15566487366501902,0.21203126047041065,0.1258380041920791,0.1955533658318145,0.22355359447431195,0.2908376408168168,0.13303850828715438,0.14410976055425054,0.101760381035007,0.15042603328865878,0.11176192108445576,0.18574598952179472,0.09633842388969492,0.2289813403574567,0.08442716765407716,0.17716653483842268,0.1619477212723405,0.2685250933426699,0.0986588655361587,0.12103776923502928,0.09442872104550036,0.13642111527617634,0.10505443868591076,0.15613840378566265,0.07849201861066442,0.3490012981575615,0.06341319681170711,0.1711006560708333,0.12995868158704987,0.2906024897073993,0.03872615683878509,0.10686132762197638,0.033099278169508174,0.15321648443812158,0.053552584147185264,0.1490499606639248,,,,,,,,,,,,
lucene-3.1.csv,0.1476131341389104,0.3116586911473736,0.15255488561751893,0.23226557320993346,0.17934887534472094,0.2740806208733507,0.14205345763784544,0.12930498788833694,0.1416915502148667,0.3254892474174373,0.17585252807789925,0.1577459519608775,0.1468439015325743,0.3555864350047419,0.1625738456734729,0.20393033223314844,0.19090999257058752,0.290228001449768,0.15745607157347682,0.13688689634081752,0.1628271564723639,0.31352130363687103,0.16204734806512774,0.19593268162207503,0.1679810454665974,0.29637971638527844,0.20155192256056764,0.22716930246095846,0.19041765378285846,0.2730739060222648,0.19464427745840665,0.16656078706931918,0.16127191058213206,0.2286079293971121,0.18854582508217896,0.16925633539986176,0.17331996422333018,0.2466252442746337,0.1659925541107478,0.1832184216121039,0.17953872168477605,0.2513629931475041,0.15930787588869547,0.17062462488383226,0.1680400245484929,0.15240826627463294,0.17181853820693646,0.15119467373716375,0.1697263236195795,0.2397453570737479,0.16329851676383034,0.17192073733435734,0.17886035501452358,0.2433501515372921,0.15982204860294272,0.16102375814982647,0.16050234128528398,0.1367909904212164,0.17583032476103888,0.1581453521479662,,,,,,,,,,,,
groovy-1_6_BETA_2.csv,0.2641910540149539,0.4149586460527198,0.25561146841719834,0.31145770890392976,0.26165282348781305,0.3839376316618643,0.2720184695153487,0.3041688179692379,0.2893957241200819,0.5116834327168476,0.3880433625057361,0.4427306667825991,0.25943636712400875,0.4604372433878604,0.2993453174278581,0.330924965686874,0.2496450940622283,0.42096184490546856,0.29531563975975617,0.2901322731214929,0.30142993925601297,0.4527366647816912,0.30391162197718435,0.4143922549356538,0.3234138054908204,0.42887917044052615,0.3858063779903514,0.387640561262078,0.2792318043802792,0.3934225928174149,0.3459735177084764,0.33422632591365875,0.3900465500980993,0.4305436207768628,0.400677091077678,0.4187403919278118,0.3523980104076696,0.4388781074665132,0.32379402930222545,0.4226801626355185,0.2727098427113372,0.39007891060655797,0.28346275470961074,0.35828032282527056,0.3734934007509497,0.4515723029414272,0.397319009170895,0.4543418004245228,0.3623949345029489,0.4483650626163352,0.3339367325610372,0.4231540029965097,0.27446098932819696,0.3837906221282672,0.2741102286308633,0.3602926345851883,0.37787889444832345,0.4536762491837069,0.4012485940150137,0.44471388098761894,,,,,,,,,,,,
activemq-5.2.0.csv,0.30957526455245005,0.4406720082762442,0.35844031220033634,0.448407415348325,0.3720631375246349,0.5661760265811004,0.3663678028318589,0.4987386123368078,0.28751767032129405,0.4438176039383951,0.4122839743166181,0.4832585372045047,0.25587629023926545,0.4745391527443285,0.3484457020073124,0.4719516846477184,0.34927575709529635,0.5498151438124306,0.3773243046804009,0.5177535773285077,0.2628899549294807,0.4502273008351876,0.2978405114690396,0.4329116445254861,0.3136009628660422,0.4191632706165801,0.3873811446464069,0.4729263720115706,0.4029096221516893,0.5493679011742256,0.3954523839507868,0.4842574620593271,0.3437601023149003,0.4311426849775777,0.35040873534242023,0.4709600992898842,0.2865871229877059,0.4606302906720303,0.3081655964446851,0.4817439163657142,0.4029158455525185,0.4940699522216922,0.31559778761931034,0.3565459653772515,0.2937194742907205,0.4819181748100016,0.28959046882575,0.4543420693258766,0.2749434017615929,0.4534772075518769,0.29992126593789786,0.4854337342832059,0.3927664757355103,0.4874799031331719,0.2830753263592757,0.33630112885048874,0.2531956537821954,0.4806250422043567,0.24670576270524364,0.4422756952868949,,,,,,,,,,,,
groovy-1_5_7.csv,0.20471671479046435,0.3832523605423416,0.18347768373959134,0.3736269507716484,0.22487123824804128,0.4518978612885639,0.17206070596954515,0.20806500966752955,0.15134348088439314,0.3988188554777561,0.2854749295274326,0.41530198310640215,0.2018902803428408,0.4144771525741525,0.22028937790265155,0.3993941499978055,0.2360747913436379,0.4479543519093815,0.2352094305527358,0.3394848789250331,0.2279298226701741,0.4292578588356796,0.2173037818445072,0.4113624955007972,0.3110583621491475,0.41560732994636995,0.3645154275480922,0.4535120097303214,0.2604355489680405,0.4542972603825881,0.3964211490922747,0.4506364994567778,0.3989163625513499,0.4661732981458123,0.3863026152175334,0.41841031755072794,0.308205397926306,0.3616748184428561,0.3595929279676381,0.4615656760147638,0.293495120253667,0.4409822889143172,0.412807537064354,0.494665209533234,0.4259053829015729,0.4874725719885021,0.39451992814328896,0.4301021323660229,0.34693869591476906,0.3987811848505471,0.3847688200154189,0.4448108689342809,0.30017112634863696,0.4433274698869121,0.4234897475772375,0.4837441101982208,0.43161442928736377,0.4680211886162846,0.4016885359724425,0.4530262915869969,,,,,,,,,,,,
hbase-0.95.0.csv,0.14461237432646412,0.39687127184794696,0.19768225064357944,0.40253185295606253,0.2713026022485217,0.4607867387928074,0.1784031376097578,0.3830225552145429,0.11901956949407665,0.38682728823812895,0.20360490418012087,0.3845244953720157,0.20363192384071332,0.4961971082667224,0.2304071384161402,0.4165675408124898,0.2507510859538086,0.4608603931027953,0.2637377597967013,0.4291878247539812,0.2298061754791975,0.452085467647194,0.2572672870029353,0.4292712720587993,0.180427136121058,0.4959661532489564,0.2041676162568795,0.4752517585168311,0.234645348766908,0.4381266862407988,0.20992465584402126,0.3833273279065262,0.16965638951849565,0.4936917557196146,0.1664113877094626,0.4647879563607482,0.1312397785154083,0.5004623223906439,0.12130705483689545,0.466597984052181,0.207395610918641,0.4119537118569719,0.14673608710003522,0.3234266179194397,0.12700519498659035,0.5445222586559689,0.13366115206730916,0.437246305341676,0.1227016869754229,0.4949223601180545,0.1097663101353871,0.4517480277580585,0.19560714150935296,0.409578990789284,0.11903595578992572,0.29809717180906425,0.10459837066653074,0.5308919160287947,0.11328734056301185,0.4179314499473848,,,,,,,,,,,,
camel-2.11.0.csv,0.20827085193490288,0.1812767865071304,0.16480362245616473,0.14240482118936235,0.17142122737315313,0.2927694131427233,0.16788341867910378,0.1187459021445716,0.1798251943211079,0.2808817605696989,0.3095474047646637,0.2595752537390208,0.1587535502651974,0.4076781267337784,0.17738608588874696,0.14167920058710318,0.16118787465216314,0.3141231182638881,0.175393678541607,0.1414465199567003,0.1684873172240602,0.3529725501644376,0.19209619894910748,0.2298892922103124,0.2636381966999042,0.2931118583136055,0.2105586628220872,0.18983279472463274,0.19897607329264652,0.2747339604953422,0.1991122684959122,0.17464125194315144,0.2291233285750061,0.20701583435856374,0.20960882456023214,0.24802652549302984,0.16876507440408658,0.2596364841209747,0.12401812014877395,0.17885678262722218,0.1188397770578396,0.1827219693727992,0.1257742770097038,0.14302011812599635,0.16623639668049814,0.1944614711870959,0.08574871266399763,0.19056027414359636,0.14591943700234072,0.2650924462114531,0.08605252961375838,0.17171341264824014,0.10940021669776788,0.17415687072145614,0.11890550242616765,0.1353237104347395,0.17449802990264476,0.20943181499193955,0.0926754934111951,0.18461983782583535,,,,,,,,,,,,
jruby-1.7.0.preview1.csv,0.2373860389816658,0.38980513210432105,0.2361272322317183,0.32691612792181923,0.2912412927232856,0.4575247409667393,0.2580014218814201,0.2404781245510498,0.2081992315286592,0.4117050076002936,0.2920652926860931,0.32027963698254325,0.2683974219405237,0.4565895978499575,0.2911150520164638,0.3170684023440051,0.30413452437943617,0.45636435292556,0.2970522903261396,0.283009119946142,0.2772559632085885,0.4224134464555284,0.2840580010823301,0.3678851827949529,0.3198011605650985,0.4176865706939882,0.2990234922183285,0.3336938728450695,0.3022243026616768,0.4398092877695189,0.3095258634725971,0.3024987405707785,0.2953290796310664,0.3564778294705343,0.325150039578537,0.3478046563679416,0.2403724094234793,0.302028219857497,0.2571335886984877,0.2735120281126118,0.3087484297881378,0.3908573448495204,0.2848425866590178,0.2702593216647259,0.2547586960515533,0.27732385455466224,0.29398074385964224,0.33377748360513576,0.2255131849878124,0.2884269197733661,0.22250926285140046,0.251637285571717,0.30861261195620193,0.3844090722275438,0.2870618375797784,0.2571489612695477,0.22573925654029284,0.25745263104662114,0.27921374080919953,0.3225172578278145,,,,,,,,,,,,
hive-0.10.0.csv,0.24845873934138046,0.36758702967093293,0.3096579453153209,0.3863090405796667,0.4193706148511532,0.5006731280910595,0.3040772414653329,0.3674884593812138,0.2614636909897181,0.3659843225191332,0.2950795026115792,0.38947861938830747,0.3129163494582985,0.4638315921636674,0.35941607289310623,0.3829314316931645,0.40237606376893936,0.5117746235159059,0.38464635040656736,0.415747024299346,0.3115680865882269,0.4272906286863092,0.350420184293767,0.39110518414362505,0.22255731095155165,0.3742435904359525,0.18751240429721008,0.39253891773412064,0.35568525901240505,0.4558609424668541,0.2134109927589283,0.2452560897594477,0.20293015369503234,0.3771431182370443,0.18160974708201524,0.3686757906975191,0.09667394216395776,0.4548161337384021,0.10392190937317312,0.3900323118356126,0.13330388459024026,0.40119314083550506,0.1267037359152354,0.13942729852514654,0.08813887997117069,0.4053762085495735,0.07960471939623996,0.3351970554885601,0.07666960160272764,0.4518636922034235,0.07838966837326093,0.3932489287543528,0.060825051101878726,0.38766319757992257,0.06835931020004825,0.1401842970668721,0.07122092580214105,0.4570626150014318,0.03667681684616194,0.3289681994481439,,,,,,,,,,,,
camel-2.10.0.csv,0.18613261238307285,0.25977035525615866,0.175581187908117,0.2047969047100673,0.23480527979429155,0.3902936516760521,0.16460787887919084,0.15941234170046995,0.17467413166358284,0.3102057165291152,0.2531514437148274,0.2225262885755182,0.17845786721037954,0.4060828480682409,0.2087219184006227,0.2048567142527874,0.2342235175742835,0.3962318644713212,0.21995912876086832,0.17766490960452885,0.1946992875304036,0.3324082815098944,0.21630347802945807,0.2733003915761307,0.2374913148989027,0.27319694340692,0.2793601061560023,0.2265678358295225,0.2773932402435832,0.3694321119583177,0.2754594482586757,0.2086262447063208,0.26494545535175873,0.2647021140870567,0.2605490150062588,0.2209301282869884,0.16650127396056433,0.21516383068694528,0.1914046881152752,0.2317172851703408,0.281274398706405,0.34365273229947924,0.18659453590884612,0.1538470768326473,0.16106197424839092,0.20231351692923155,0.14326802558307525,0.1914627094169904,0.15544251885330967,0.212310649219858,0.15585173661394833,0.2270453339282584,0.28005725717049473,0.3428597882391202,0.17318822397999445,0.13836203751125392,0.15257615055112378,0.19734669210824252,0.12339746515145532,0.18140525072872696,,,,,,,,,,,,
derby-10.2.1.6.csv,0.2723150531243819,0.5822757142187739,0.35236891452826585,0.6242349691104233,0.4439988863650892,0.6824346015366433,0.4000944752402084,0.6271265877020921,0.32084740508397835,0.6029886985715011,0.3865963655257814,0.6687053512367244,0.3812046869419584,0.6589126201768228,0.41547381335710937,0.6660567814175709,0.4409163078257777,0.6819633765695887,0.4244986196533796,0.6873624304711413,0.4076916853749975,0.6634432094241429,0.42464455009295177,0.6706858915789661,0.3172557209306393,0.6297384244628185,0.32556513328490555,0.6865370366633308,0.4330575474352045,0.6787144131368876,0.32139687184827737,0.6655301351356698,0.32247124469349514,0.6466248381161789,0.3038863258102865,0.6888952419555142,0.1990606648619127,0.6338649634357967,0.17268221314682752,0.6382596057639885,0.41861928307736096,0.6704193242678737,0.14488644667168493,0.5368117297204612,0.1481870029298755,0.6266867938132561,0.13342756201183475,0.6594829548931145,0.17700827562301996,0.6288058638552729,0.15782105656947015,0.6279594895141691,0.4227173067990815,0.6709932399130429,0.12142255109197073,0.523835748267836,0.1229962673858462,0.6142372488110774,0.102147124171423,0.6453551059956288,,,,,,,,,,,,
jruby-1.5.0.csv,0.2698336612455379,0.5062369119954259,0.2886105853407721,0.4275481784745411,0.32887282544661794,0.5313524454991172,0.2974580122665201,0.3177269710625615,0.25367947323280826,0.5028791438499948,0.32951187061904386,0.4743189464928836,0.29300233426425315,0.5257517872547401,0.32054936607451473,0.4474801930044615,0.3373436580022456,0.5214756503458519,0.33381207472862884,0.3692899923113289,0.29718605312796464,0.5191164309628881,0.31927143771203675,0.4772026218352267,0.2948075142304633,0.5218378238322794,0.3155634095537399,0.4486378543521772,0.3221278881381512,0.5368842443030817,0.3369036601183742,0.3799122300999538,0.30716404584500423,0.5160725132130469,0.3292873065998238,0.48054303003616794,0.3610706332084693,0.4909253864908612,0.3985775730223699,0.4635270756114949,0.37116777068863294,0.5116908188217636,0.4298510624149216,0.4356496385199529,0.4058411499594808,0.5233272218000035,0.4026879544741289,0.4910872075418136,0.3673701192396505,0.4955771399941884,0.4000456604627296,0.4710159060913061,0.3808501468222639,0.5108419726764328,0.4342676029354212,0.43226935320010296,0.4044276170619092,0.5245076678201143,0.3975740775067795,0.4800370741334102,,,,,,,,,,,,
derby-10.3.1.4.csv,0.29750424880334664,0.5723665807443151,0.4034223807989424,0.6465202493837403,0.4090832354685295,0.6417001462193391,0.3662610807040606,0.5941945672693919,0.27971938004619684,0.5512499238082813,0.3906496985750379,0.6392599392771655,0.3279453017364994,0.6083261505520006,0.3764711264811156,0.6072735334197327,0.3953286717758444,0.6373223375036525,0.4038447187832419,0.6293484506196418,0.29466253591622904,0.5602239305763139,0.4132951643796718,0.6423815795680593,0.2509453161927813,0.5761670891362344,0.2695749088114081,0.6025114311930926,0.3920881034294693,0.6349939086013805,0.2571511793273393,0.5020933558757947,0.19382029103785872,0.5098235371973637,0.2617292616125423,0.5990021710404779,0.13179267538778158,0.5489629047287959,0.1085877964199433,0.5293427651436251,0.3666974282758068,0.6089964742799926,0.1246093192935538,0.3941979587441247,0.08019154772418399,0.4772831059897345,0.04401682718768548,0.5233562639317187,0.1165911961778948,0.5268833604543144,0.1047424386001739,0.5079732790750808,0.3453062626098541,0.5863655314296513,0.10090633189850864,0.3859035423713703,0.05862724087301335,0.4660684764831719,0.021297921282248184,0.5174990358232769,,,,,,,,,,,,
lucene-2.9.0.csv,0.2851082069033289,0.5177889784660515,0.3412439389633809,0.4635497194000303,0.3185799581613692,0.4926398510741039,0.3601148939996289,0.4614614872891133,0.2806873268847214,0.5253421329299509,0.3618495450418595,0.4311538056744561,0.31906812473773705,0.5625437674192728,0.3561705984667523,0.47698079098825896,0.2980464513013562,0.481587558113769,0.35446987184014384,0.4514784416920855,0.2992547699047874,0.5090876923513937,0.3471808416789891,0.4551788162994324,0.3304700408164179,0.550312844787213,0.3751308115615859,0.4836111181974562,0.31412239875641806,0.502441493945105,0.36258561635557307,0.4615159357260798,0.323135076350539,0.4993973558109397,0.3786871890338653,0.4450876550348337,0.2629205252399699,0.4634086352751506,0.27312402973671224,0.456663907432942,0.3158855422625543,0.4669913784331754,0.2699819254550052,0.43989704452363865,0.26021937623006197,0.4162608523260785,0.28546589200953315,0.4506615575550956,0.2588785612583247,0.457247504639397,0.25225061090453915,0.4505958410666666,0.31888497747149386,0.4645560248198578,0.2507474072195968,0.4224229903703925,0.2436147888117648,0.4081543560719787,0.2530457055208854,0.4374372004054911,,,,,,,,,,,,
hbase-0.94.0.csv,0.3195035876852815,0.5106305105802097,0.34060158695315146,0.4852351127770793,0.4067615058486137,0.5415159624912291,0.4121414680870156,0.5135230672107415,0.36077713337684814,0.5332977022725609,0.39145956597004655,0.548775014161959,0.3481918329369785,0.5537614538292114,0.3834442682289561,0.5172514111060218,0.3833401609741848,0.5486271873051785,0.3947173959285033,0.5303472465584301,0.38151760704125054,0.5399790554313638,0.3852656979823351,0.5420904430780286,0.3260425211366145,0.5332884511767344,0.34331965290558125,0.5402738580361581,0.3547973000495745,0.5390464641957441,0.33675776080677644,0.4888123078481548,0.3123159056821173,0.5101295483991488,0.3535130038454625,0.5345340194789123,0.24785955458546655,0.5211162601280668,0.2233362972188276,0.5460298541300007,0.3269826057017976,0.5348053309764904,0.2397762440456809,0.3726567449243409,0.24493301886539365,0.5298614115035153,0.2402125074152024,0.515776508901313,0.2172788180662753,0.5080805417353983,0.20443456590563275,0.5313021590199734,0.3281656709614563,0.5315707139112575,0.22543684157363075,0.36017883825591673,0.23187756619244185,0.5286680399024581,0.22173023289676788,0.4917727189920603,,,,,,,,,,,,
camel-1.4.0.csv,0.2531703979714469,0.5133734882598749,0.2910740723327388,0.4750852922248328,0.3278447916068481,0.5138620640325401,0.3065764795760919,0.4131937290859786,0.25707959009281384,0.5078880360838476,0.3151434525710612,0.4606959257656184,0.2879366252969962,0.5365100669816746,0.32985463078404675,0.5022100237838544,0.32646806044728244,0.5132242606145969,0.3588458011535112,0.4814945721112879,0.3030790089355394,0.50001294124109,0.334377105275183,0.4898845847176132,0.3128109692712183,0.5589985092811389,0.336953967438308,0.5183912405778741,0.33686792068348403,0.5213321491907341,0.35760287919773603,0.4818124901134122,0.32492085063146303,0.5402569861463169,0.3449506751576895,0.5026083763932244,0.2806014229833573,0.4633982146659462,0.3467863801424048,0.4824662547171006,0.33211201217031144,0.5192684035022808,0.3472967208733657,0.4695472774498054,0.281602331954572,0.4435500305105752,0.3339467823557902,0.4890954538669136,0.2651406475620852,0.4506908104225516,0.33259844948728995,0.4873057623846243,0.3320726215156085,0.5138026076564035,0.3286409960751728,0.4693797671044409,0.28668364119313394,0.44738584035553897,0.31070993676546393,0.4962247018489858,,,,,,,,,,,,
activemq-5.1.0.csv,0.2408461224900229,0.3606812340638339,0.2618948292344092,0.34712732789183565,0.3132993275132341,0.4532683378572938,0.2672355980764172,0.2798535553092371,0.23511866286567845,0.36075136953973597,0.3139729174923717,0.3895958898962093,0.24622242789557736,0.456351264003013,0.2849891295240387,0.362122787261532,0.30712760645228804,0.4539786562164149,0.2932261100237925,0.3399459535132446,0.2584908559425189,0.3994960685652584,0.2909806462400592,0.36982989314133613,0.2979456047238001,0.37853883615933737,0.3367932551291377,0.390467420568496,0.3146026010372285,0.4508591623075063,0.3385418134583021,0.3483134955547118,0.2946596721243453,0.3651715345653579,0.3280447616821299,0.40165152489203776,0.31408930112106753,0.4218793968827044,0.32279238181854714,0.3917913048263912,0.3241379433837463,0.4225422489266386,0.3465860215101864,0.30870016555805124,0.3327920970908689,0.3911414799390237,0.3459376317872301,0.4017543358039603,0.295624335706495,0.4105998835777727,0.2962205849265159,0.3876734719917149,0.3296715469098943,0.4159782400805753,0.33189380163911186,0.3054369853811818,0.30890445726674864,0.3951418501482015,0.31070798012139955,0.3954979910314176,,,,,,,,,,,,
activemq-5.0.0.csv,0.3716874951051334,0.4958902393771064,0.4149393934680816,0.5431673456397209,0.4342456563459453,0.5768506037271152,0.4177621129219989,0.5345204747724052,0.3625389759806121,0.496222183654009,0.4425941617140426,0.580162032754874,0.35958075416487945,0.539179675815052,0.3925069409846034,0.5310992114413083,0.4094257266946819,0.5546401615692624,0.3888994098272825,0.5386155272365325,0.3732346491805984,0.5261841784798942,0.4034476137709326,0.564800708111483,0.3557940031393164,0.55117314904973,0.3271717071057356,0.5413610514550465,0.4451956289401983,0.5494067617668597,0.3093057108456003,0.4416413240830921,0.2899760126601809,0.5155248582791923,0.3188353761715361,0.5478361847874469,0.19169445099072135,0.5308123656174155,0.17426746797259907,0.48356011027417295,0.3838435330226425,0.4772642256961282,0.1564708599854275,0.2472135817515856,0.14970964860538713,0.4890001915793229,0.15585881234624555,0.4873732461378893,0.17332757198959134,0.532041629575572,0.1385857981802056,0.4721478267537986,0.33731749940732736,0.4235649585439592,0.14088035520196665,0.2357711942625244,0.1448670304448224,0.4794319337302584,0.13348667208105114,0.4724892063512081,,,,,,,,,,,,
derby-10.5.1.1.csv,0.2731829048760772,0.4142934704106089,0.3146918870634713,0.4569628220798804,0.3783266441789844,0.5121694058532327,0.31188632029819463,0.3995871792547179,0.3019081885383084,0.4479761943618474,0.3603521412251716,0.4606330245910058,0.29334163614717385,0.5013106787366762,0.3204783285115164,0.4572605581231257,0.3705009284427609,0.5086779467846051,0.3481592460398522,0.463013040769388,0.3158240297811083,0.4713268810174791,0.3334584567022457,0.4522157092140687,0.2997404554224233,0.4445962347410976,0.3491256551659264,0.4710336232540821,0.3865787320427571,0.508794874475499,0.3318229442230887,0.4430984680230407,0.29508655544038925,0.4364531019000292,0.3286025450001408,0.4790064672285827,0.2210105977932824,0.423187164017688,0.2428978226125043,0.4456715940927808,0.3854541825758232,0.4988582217627088,0.2392703217879802,0.3755447593187105,0.20164572983160806,0.4170742561999927,0.18827681931463808,0.4492066840439009,0.20025673594671844,0.41647638955302696,0.21386468276626489,0.4280542690105254,0.3802947717484318,0.4944450498509034,0.2010162260094346,0.3244682577310213,0.17202910540643526,0.3983593999495991,0.1686938629568054,0.4248410925556223,,,,,,,,,,,,
wicket-1.3.0-beta2.csv,0.22237052563067802,0.4281897208228237,0.21440397689036936,0.30753223325114043,0.29869193973067404,0.4491045925415481,0.21317553452297652,0.22587224098461497,0.17919926578704146,0.39920557535515866,0.264794698091506,0.3062968532606685,0.2309969078920623,0.4452470144282277,0.2514590527294798,0.3249437953393998,0.29565549289699183,0.44268828691541096,0.2744250157049698,0.2843030973060611,0.2449286634842681,0.4065006679484046,0.2754408160107877,0.34185736831121377,0.2636185213923812,0.43066302848798266,0.2795643025287546,0.3241504399206681,0.2943886992274353,0.4561661705877726,0.2996333686318332,0.29728487262203435,0.2714297640789778,0.3970810897523569,0.27827300401392097,0.32155486879040995,0.2524954523917999,0.3541612214288693,0.27957661719348353,0.3255261422175101,0.3102671262837828,0.4214241725064669,0.2977178832256511,0.2898601008819383,0.2782072721973477,0.3283134675991406,0.25973013949776663,0.30098483565594897,0.2457746814989155,0.3386178716609697,0.2860877953790034,0.3213024121254024,0.3119904819151719,0.4142081758112435,0.3044678013717858,0.29313122583419743,0.25578947837599897,0.3150764994702209,0.27601025026693404,0.2931380771699764,,,,,,,,,,,,
hive-0.12.0.csv,0.06393671720923337,0.15206173717582866,0.15359794179473776,0.16871609247180894,0.18153157733847444,0.2166396869559032,0.1351682246681401,0.1468230268915565,0.1375531243323089,0.20893173702559345,0.10295963533554392,0.1894122003966087,0.17802452008822864,0.4031691754156851,0.19960509188058545,0.1825147936413096,0.1506343718869239,0.28726546237615475,0.204240380194351,0.20824231703313206,0.16830922024202916,0.29866390755734323,0.1872062566246141,0.2114568754933398,0.02329566974862889,0.1536000571181801,0.03284966243897206,0.18412090045403012,0.06604480578008863,0.1805766511720785,0.022342792084259048,0.09302878565421743,0.02786149858982184,0.13101597825253805,0.02640063890673324,0.1657761474460603,0.020929734802483217,0.38378044722269583,0.02615452756670596,0.1811532255518279,0.05235478864906872,0.203333523387616,0.02373279756787024,0.08185851033473515,0.026812727629458532,0.13897115826499692,0.014729453039434097,0.1584832369923239,0.04284329215166903,0.4029659704239038,0.028804901141793425,0.17682962997996948,0.05339243534054653,0.18676473483114456,0.016522226529077755,0.07262091082800089,0.02815336401093145,0.1228150795867681,0.014864127237510703,0.1701313161307983,,,,,,,,,,,,
hive-0.9.0.csv,0.2751477104808697,0.4762948010415753,0.3857467459466434,0.5275507654156639,0.4554471402081526,0.6079776482914105,0.38614436889076004,0.5250912867699438,0.3130216854399207,0.4893235875702665,0.36835469300172297,0.5433831146714312,0.4255400046214385,0.58617031181843,0.4412200503307326,0.5926234777151175,0.4286351129184486,0.5956333329738368,0.4465590860423391,0.5914513283937157,0.444722671609608,0.6007305515710677,0.4666333695762762,0.6044489188284422,0.284490348685356,0.5576099880201906,0.2964148904695437,0.5783015237783016,0.4514939488301488,0.5964608683686436,0.2916031787225617,0.4308179681116736,0.23886850553324615,0.5750922342680408,0.26365989484243324,0.566734369330164,0.17481934215182407,0.55508387631052,0.1878671569568051,0.5617161439679303,0.38800010715311295,0.5845156081605469,0.18375086043724145,0.3013859781466011,0.14579748177539262,0.5725424709727255,0.16294713904160096,0.5427710491336212,0.14930854128758236,0.5630628112490464,0.1616252159881024,0.5596465940156871,0.3441784830846255,0.5852008598691195,0.13294354648685267,0.2816664095228429,0.11087295581500882,0.57829981447721,0.1383806638954774,0.5483611648814898,,,,,,,,,,,,
