noise,No,No,No,No,No,No,No,No,No,No,No,No,No,No,No,No,No,No,No,No,No,No,No,No,No,No,No,No,No,No,No,No,No,No,No,No,No,No,No,No,No,No,No,No,No,No,No,No,No,No,No,No,No,No,No,No,No,No,No,No,FN-Only,FN-Only,FN-Only,FN-Only,FN-Only,FN-Only,FN-Only,FN-Only,FN-Only,FN-Only,FN-Only,FN-Only,FN-Only,FN-Only,FN-Only,FN-Only,FN-Only,FN-Only,FN-Only,FN-Only,FN-Only,FN-Only,FN-Only,FN-Only,FN-Only,FN-Only,FN-Only,FN-Only,FN-Only,FN-Only,FN-Only,FN-Only,FN-Only,FN-Only,FN-Only,FN-Only,FN-Only,FN-Only,FN-Only,FN-Only,FN-Only,FN-Only,FN-Only,FN-Only,FN-Only,FN-Only,FN-Only,FN-Only,FN-Only,FN-Only,FN-Only,FN-Only,FN-Only,FN-Only,FN-Only,FN-Only,FN-Only,FN-Only,FN-Only,FN-Only,FP-Only,FP-Only,FP-Only,FP-Only,FP-Only,FP-Only,FP-Only,FP-Only,FP-Only,FP-Only,FP-Only,FP-Only,FP-Only,FP-Only,FP-Only,FP-Only,FP-Only,FP-Only,FP-Only,FP-Only,FP-Only,FP-Only,FP-Only,FP-Only,FP-Only,FP-Only,FP-Only,FP-Only,FP-Only,FP-Only,FP-Only,FP-Only,FP-Only,FP-Only,FP-Only,FP-Only,FP-Only,FP-Only,FP-Only,FP-Only,FP-Only,FP-Only,FP-Only,FP-Only,FP-Only,FP-Only,FP-Only,FP-Only,FP-Only,FP-Only,FP-Only,FP-Only,FP-Only,FP-Only,FP-Only,FP-Only,FP-Only,FP-Only,FP-Only,FP-Only,Both,Both,Both,Both,Both,Both,Both,Both,Both,Both,Both,Both,Both,Both,Both,Both,Both,Both,Both,Both,Both,Both,Both,Both,Both,Both,Both,Both,Both,Both,Both,Both,Both,Both,Both,Both,Both,Both,Both,Both,Both,Both,Both,Both,Both,Both,Both,Both,Both,Both,Both,Both,Both,Both,Both,Both,Both,Both,Both,Both
imb,smote,smote,smote,smote,smote,smote,smote,smote,smote,smote,smote,smote,rus,rus,rus,rus,rus,rus,rus,rus,rus,rus,rus,rus,wilson,wilson,wilson,wilson,wilson,wilson,wilson,wilson,wilson,wilson,wilson,wilson,tomek,tomek,tomek,tomek,tomek,tomek,tomek,tomek,tomek,tomek,tomek,tomek,None,None,None,None,None,None,None,None,None,None,None,None,smote,smote,smote,smote,smote,smote,smote,smote,smote,smote,smote,smote,rus,rus,rus,rus,rus,rus,rus,rus,rus,rus,rus,rus,wilson,wilson,wilson,wilson,wilson,wilson,wilson,wilson,wilson,wilson,wilson,wilson,tomek,tomek,tomek,tomek,tomek,tomek,tomek,tomek,tomek,tomek,tomek,tomek,None,None,None,None,None,None,None,None,None,None,None,None,smote,smote,smote,smote,smote,smote,smote,smote,smote,smote,smote,smote,rus,rus,rus,rus,rus,rus,rus,rus,rus,rus,rus,rus,wilson,wilson,wilson,wilson,wilson,wilson,wilson,wilson,wilson,wilson,wilson,wilson,tomek,tomek,tomek,tomek,tomek,tomek,tomek,tomek,tomek,tomek,tomek,tomek,None,None,None,None,None,None,None,None,None,None,None,None,smote,smote,smote,smote,smote,smote,smote,smote,smote,smote,smote,smote,rus,rus,rus,rus,rus,rus,rus,rus,rus,rus,rus,rus,wilson,wilson,wilson,wilson,wilson,wilson,wilson,wilson,wilson,wilson,wilson,wilson,tomek,tomek,tomek,tomek,tomek,tomek,tomek,tomek,tomek,tomek,tomek,tomek,None,None,None,None,None,None,None,None,None,None,None,None
clf,dt,dt,lr,lr,nb,nb,svm,svm,knn,knn,rf,rf,dt,dt,lr,lr,nb,nb,svm,svm,knn,knn,rf,rf,dt,dt,lr,lr,nb,nb,svm,svm,knn,knn,rf,rf,dt,dt,lr,lr,nb,nb,svm,svm,knn,knn,rf,rf,dt,dt,lr,lr,nb,nb,svm,svm,knn,knn,rf,rf,dt,dt,lr,lr,nb,nb,svm,svm,knn,knn,rf,rf,dt,dt,lr,lr,nb,nb,svm,svm,knn,knn,rf,rf,dt,dt,lr,lr,nb,nb,svm,svm,knn,knn,rf,rf,dt,dt,lr,lr,nb,nb,svm,svm,knn,knn,rf,rf,dt,dt,lr,lr,nb,nb,svm,svm,knn,knn,rf,rf,dt,dt,lr,lr,nb,nb,svm,svm,knn,knn,rf,rf,dt,dt,lr,lr,nb,nb,svm,svm,knn,knn,rf,rf,dt,dt,lr,lr,nb,nb,svm,svm,knn,knn,rf,rf,dt,dt,lr,lr,nb,nb,svm,svm,knn,knn,rf,rf,dt,dt,lr,lr,nb,nb,svm,svm,knn,knn,rf,rf,dt,dt,lr,lr,nb,nb,svm,svm,knn,knn,rf,rf,dt,dt,lr,lr,nb,nb,svm,svm,knn,knn,rf,rf,dt,dt,lr,lr,nb,nb,svm,svm,knn,knn,rf,rf,dt,dt,lr,lr,nb,nb,svm,svm,knn,knn,rf,rf,dt,dt,lr,lr,nb,nb,svm,svm,knn,knn,rf,rf
metric,matthews_corrcoef,pr_rec_score,matthews_corrcoef,pr_rec_score,matthews_corrcoef,pr_rec_score,matthews_corrcoef,pr_rec_score,matthews_corrcoef,pr_rec_score,matthews_corrcoef,pr_rec_score,matthews_corrcoef,pr_rec_score,matthews_corrcoef,pr_rec_score,matthews_corrcoef,pr_rec_score,matthews_corrcoef,pr_rec_score,matthews_corrcoef,pr_rec_score,matthews_corrcoef,pr_rec_score,matthews_corrcoef,pr_rec_score,matthews_corrcoef,pr_rec_score,matthews_corrcoef,pr_rec_score,matthews_corrcoef,pr_rec_score,matthews_corrcoef,pr_rec_score,matthews_corrcoef,pr_rec_score,matthews_corrcoef,pr_rec_score,matthews_corrcoef,pr_rec_score,matthews_corrcoef,pr_rec_score,matthews_corrcoef,pr_rec_score,matthews_corrcoef,pr_rec_score,matthews_corrcoef,pr_rec_score,matthews_corrcoef,pr_rec_score,matthews_corrcoef,pr_rec_score,matthews_corrcoef,pr_rec_score,matthews_corrcoef,pr_rec_score,matthews_corrcoef,pr_rec_score,matthews_corrcoef,pr_rec_score,matthews_corrcoef,pr_rec_score,matthews_corrcoef,pr_rec_score,matthews_corrcoef,pr_rec_score,matthews_corrcoef,pr_rec_score,matthews_corrcoef,pr_rec_score,matthews_corrcoef,pr_rec_score,matthews_corrcoef,pr_rec_score,matthews_corrcoef,pr_rec_score,matthews_corrcoef,pr_rec_score,matthews_corrcoef,pr_rec_score,matthews_corrcoef,pr_rec_score,matthews_corrcoef,pr_rec_score,matthews_corrcoef,pr_rec_score,matthews_corrcoef,pr_rec_score,matthews_corrcoef,pr_rec_score,matthews_corrcoef,pr_rec_score,matthews_corrcoef,pr_rec_score,matthews_corrcoef,pr_rec_score,matthews_corrcoef,pr_rec_score,matthews_corrcoef,pr_rec_score,matthews_corrcoef,pr_rec_score,matthews_corrcoef,pr_rec_score,matthews_corrcoef,pr_rec_score,matthews_corrcoef,pr_rec_score,matthews_corrcoef,pr_rec_score,matthews_corrcoef,pr_rec_score,matthews_corrcoef,pr_rec_score,matthews_corrcoef,pr_rec_score,matthews_corrcoef,pr_rec_score,matthews_corrcoef,pr_rec_score,matthews_corrcoef,pr_rec_score,matthews_corrcoef,pr_rec_score,matthews_corrcoef,pr_rec_score,matthews_corrcoef,pr_rec_score,matthews_corrcoef,pr_rec_score,matthews_corrcoef,pr_rec_score,matthews_corrcoef,pr_rec_score,matthews_corrcoef,pr_rec_score,matthews_corrcoef,pr_rec_score,matthews_corrcoef,pr_rec_score,matthews_corrcoef,pr_rec_score,matthews_corrcoef,pr_rec_score,matthews_corrcoef,pr_rec_score,matthews_corrcoef,pr_rec_score,matthews_corrcoef,pr_rec_score,matthews_corrcoef,pr_rec_score,matthews_corrcoef,pr_rec_score,matthews_corrcoef,pr_rec_score,matthews_corrcoef,pr_rec_score,matthews_corrcoef,pr_rec_score,matthews_corrcoef,pr_rec_score,matthews_corrcoef,pr_rec_score,matthews_corrcoef,pr_rec_score,matthews_corrcoef,pr_rec_score,matthews_corrcoef,pr_rec_score,matthews_corrcoef,pr_rec_score,matthews_corrcoef,pr_rec_score,matthews_corrcoef,pr_rec_score,matthews_corrcoef,pr_rec_score,matthews_corrcoef,pr_rec_score,matthews_corrcoef,pr_rec_score,matthews_corrcoef,pr_rec_score,matthews_corrcoef,pr_rec_score,matthews_corrcoef,pr_rec_score,matthews_corrcoef,pr_rec_score,matthews_corrcoef,pr_rec_score,matthews_corrcoef,pr_rec_score,matthews_corrcoef,pr_rec_score,matthews_corrcoef,pr_rec_score,matthews_corrcoef,pr_rec_score,matthews_corrcoef,pr_rec_score,matthews_corrcoef,pr_rec_score,matthews_corrcoef,pr_rec_score,matthews_corrcoef,pr_rec_score,matthews_corrcoef,pr_rec_score,matthews_corrcoef,pr_rec_score,matthews_corrcoef,pr_rec_score,matthews_corrcoef,pr_rec_score,matthews_corrcoef,pr_rec_score,matthews_corrcoef,pr_rec_score,matthews_corrcoef,pr_rec_score,matthews_corrcoef,pr_rec_score,matthews_corrcoef,pr_rec_score,matthews_corrcoef,pr_rec_score,matthews_corrcoef,pr_rec_score,matthews_corrcoef,pr_rec_score,matthews_corrcoef,pr_rec_score,matthews_corrcoef,pr_rec_score,matthews_corrcoef,pr_rec_score,matthews_corrcoef,pr_rec_score
activemq-5.8.0.csv,0.1896337426147169,0.252852642642838,0.2961671821797729,0.3236920128980493,0.2923587090819687,0.39270448523204726,0.2890173902636574,0.2333020489093468,0.2463775261178053,0.3127112310399299,0.24404330631716825,0.3030375089454725,0.21581973739772614,0.4293810907088483,0.27759350072774985,0.3276175572630287,0.2930561681035149,0.3926711310315524,0.27028821109437806,0.250956114638279,,,,,,,,,,,,,,,,,,,,,,,,,,,,,,,,,,,,,,,,,0.16505473917086266,0.23067942517375,0.27408779291819807,0.3063831452825624,0.2895552972235306,0.38819479793778944,0.2705655118132553,0.25050043367497843,0.23352910610067643,0.2776264383151051,0.21949323690594869,0.3003017224770499,0.19157651900727055,0.3981761794786495,0.25053957775558905,0.2878796097918676,0.28395094116282477,0.37218383006582184,0.26839810015125354,0.27559974123904957,,,,,,,,,,,,,,,,,,,,,,,,,,,,,,,,,,,,,,,,,0.18761227323060825,0.28373469496082754,0.2803727891923163,0.3131209213738029,0.2894251780128346,0.3950532127026236,0.2767619464884981,0.2149393321228059,0.2267169989853193,0.2989141874631456,0.27691438152535325,0.30283602745999244,0.20067188880268055,0.4275149173345063,0.26311542249715103,0.3156885774642966,0.2786999155285764,0.39512460619692424,0.2619560906199575,0.230180502192541,,,,,,,,,,,,,,,,,,,,,,,,,,,,,,,,,,,,,,,,,0.17171429813097672,0.252513520520448,0.25797591567607653,0.2929439416559654,0.290134354888147,0.39361997057996256,0.2435893595874802,0.20366297318394028,0.20318826045923985,0.2629354239279612,0.23978324287855388,0.2804991411840708,0.1835221325228012,0.41371493044707086,0.24540273756056735,0.28373085132159126,0.2794043619420319,0.38719246823606634,0.26291161251030354,0.24526334778341213,,,,,,,,,,,,,,,,,,,,,,,,,,,,,,,,,,,,,,,,
groovy-1_6_BETA_1.csv,0.39603819444578847,0.45400692229658135,0.4591729205442239,0.4714398004528649,0.2969875990244122,0.4182991804430287,0.43634332867397163,0.40743560735335604,0.41258354305203626,0.5457777285563544,0.506119322810394,0.5815183509509203,0.30349046809140595,0.4908773401552848,0.37518624521603733,0.4016179911952533,0.26394164487024585,0.40213959394629045,0.3948054149814877,0.39614276371670903,,,,,,,,,,,,,,,,,,,,,,,,,,,,,,,,,,,,,,,,,0.3219168453795885,0.37989793198037947,0.45164748955268,0.4405292108574222,0.293252675304747,0.401106254627986,0.4191873643418243,0.42227197876683037,0.38475940979671186,0.44890200999801033,0.3641877212045148,0.5119098098351944,0.292204077810458,0.4737598879522987,0.3707665600355391,0.4279710938975269,0.23916841856017865,0.34347554613101394,0.39324849471306494,0.41780012534818844,,,,,,,,,,,,,,,,,,,,,,,,,,,,,,,,,,,,,,,,,0.331241952384641,0.4792239717146327,0.3720712720042622,0.44632765685499204,0.27592273344413143,0.41842424586227217,0.38677052725884553,0.39157104663564285,0.3104245664188425,0.5090788240018198,0.4626740888341655,0.5107795247247252,0.26938572726983095,0.4988566662050162,0.3555275185587414,0.4497505316982434,0.2537161131643317,0.3972198824183342,0.36454180470881786,0.3833161724435596,,,,,,,,,,,,,,,,,,,,,,,,,,,,,,,,,,,,,,,,,0.27556636548328334,0.3851623988400485,0.3442196855755029,0.33811703729163506,0.2580590644215171,0.40796657363984634,0.36561116425263934,0.384312585333444,0.2700664002762143,0.40008130369001565,0.3869363297924626,0.40994842679299254,0.2521372108397635,0.4819355107873596,0.3258522039414485,0.32742266962002536,0.24228391829717705,0.3812808713716111,0.36613082078623355,0.4039040539487447,,,,,,,,,,,,,,,,,,,,,,,,,,,,,,,,,,,,,,,,
activemq-5.3.0.csv,0.2740334296235795,0.393459454067088,0.37973332825678513,0.4733990088457202,0.33285673757375794,0.4637042275519193,0.38884245577729565,0.4381493202560696,0.2893055841650577,0.4060779248552915,0.3802028830429848,0.4812220587218759,0.26204513264352824,0.47412761852847773,0.36944250285203706,0.4767290825799253,0.33444212887656327,0.4620257672043323,0.34985674434798697,0.4363081469807525,,,,,,,,,,,,,,,,,,,,,,,,,,,,,,,,,,,,,,,,,0.2961942866163957,0.4058035258699488,0.34906186968394315,0.4231431387335901,0.3361088544339431,0.45054800956211727,0.3805134085550048,0.41954146752756233,0.33621779670303703,0.39936603152117117,0.3370656961216242,0.49144159229240764,0.264260761745029,0.44435704463969644,0.33767246290022856,0.4342129056891825,0.33320398351175695,0.457062976112452,0.34160766996095127,0.45163455704190597,,,,,,,,,,,,,,,,,,,,,,,,,,,,,,,,,,,,,,,,,0.2629446698828514,0.3930003421354431,0.37719745733432997,0.4747725837340745,0.3275991920539294,0.4656011573510998,0.37635900868929817,0.4338631550225984,0.2961912403629768,0.420514739660197,0.416475572501529,0.4895869453525576,0.2578904263954416,0.4746024582361768,0.3701080114820981,0.47767458713118627,0.3367030090492415,0.4637713570206226,0.3511414793020106,0.4315214360736139,,,,,,,,,,,,,,,,,,,,,,,,,,,,,,,,,,,,,,,,,0.24084774706658954,0.34396075948478194,0.354973188033606,0.42443268243495097,0.3338083457157559,0.4524619751525365,0.36795140878938876,0.40377142025319573,0.3310436670674502,0.4037429126124731,0.3512038306169879,0.463829912451809,0.2508544779636576,0.44573753040350794,0.3510554457654231,0.4451365912044591,0.33329309011666536,0.4538694381670962,0.3346383028232374,0.4294276487787815,,,,,,,,,,,,,,,,,,,,,,,,,,,,,,,,,,,,,,,,
wicket-1.3.0-incubating-beta-1.csv,0.2915636766156197,0.3585642269307244,0.4064460277542264,0.4778627002237147,0.3325152101034833,0.4438907288080013,0.4487137114698176,0.44322860820614424,0.3453732860076656,0.4608737270638056,0.4128679868544415,0.4364275354552948,0.2791249828526975,0.46759831237723576,0.38380663649852864,0.5013293669552137,0.3518425896925278,0.4299527504275027,0.3681567696202127,0.38638668218658295,,,,,,,,,,,,,,,,,,,,,,,,,,,,,,,,,,,,,,,,,0.331438674795313,0.39477784268775096,0.4350482205763246,0.47355837330470296,0.3542956425388045,0.42321062495707046,0.455023225822015,0.47191684223523594,0.4077418841464537,0.47153624662737653,0.37433182703001683,0.4765027076096998,0.29652047286806255,0.4630844665859658,0.3872974656848027,0.4529632884900412,0.3213742572144496,0.3962830646088701,0.35008666880645106,0.396403429759166,,,,,,,,,,,,,,,,,,,,,,,,,,,,,,,,,,,,,,,,,0.24676870282658,0.41463016492501464,0.291917062797632,0.44600903939027714,0.3103956401019631,0.44858342498970954,0.30361014822170546,0.32125737871135684,0.2400891444045864,0.38466769508562804,0.3295452570182721,0.3203655936221931,0.19882421488016144,0.4602339605739796,0.2912919806374598,0.44789934354084937,0.32924075227676886,0.4624728334092119,0.28684265172370227,0.30049132429070136,,,,,,,,,,,,,,,,,,,,,,,,,,,,,,,,,,,,,,,,,0.17180513128580402,0.32458721549607394,0.2615081149982558,0.3949973615017097,0.31144873032772563,0.44702860474203127,0.28978480701611653,0.2665721557980337,0.22006529422352017,0.36816811218575174,0.2934644066651766,0.2860180463141844,0.16579320394476824,0.4266943612626233,0.2760794498099542,0.3709301273883641,0.32349808123144674,0.4413396369469739,0.2859148609224587,0.27729413346782666,,,,,,,,,,,,,,,,,,,,,,,,,,,,,,,,,,,,,,,,
jruby-1.1.csv,0.4141455509494801,0.5233169098617909,0.407977260296905,0.5780213930878818,0.4437827749934155,0.6315131023186626,0.4625864335547367,0.5869044833728084,0.37248625711505257,0.561919350180032,0.5891392929696404,0.678757844119441,0.37692547705012125,0.5525043103585258,0.41664028729727043,0.5671979075383958,0.4576609785000755,0.6181873587061429,0.4750424830616095,0.6341120580095095,,,,,,,,,,,,,,,,,,,,,,,,,,,,,,,,,,,,,,,,,0.4445532006981766,0.5443491096401201,0.4916735770138463,0.5744766539471875,0.5202060079383451,0.64492724754853,0.5314921634638349,0.6300250095705445,0.4710606534666848,0.5834782268709969,0.6053012816368524,0.6565652222571496,0.42132126596275316,0.5685119415053499,0.4889757004718169,0.5907881510236863,0.4973751852443529,0.6425724588261005,0.5263626082494572,0.6611035705907788,,,,,,,,,,,,,,,,,,,,,,,,,,,,,,,,,,,,,,,,,0.32458140991303525,0.5012450787496643,0.40043783020866924,0.5665427185931785,0.38940250628989814,0.618709939465944,0.43102885473628866,0.4484105477841062,0.3372903706796139,0.5557422336028291,0.44456573956551115,0.5915008973697423,0.30521233173529394,0.5345376176428923,0.40076313251544204,0.578151295045604,0.3960453146083471,0.6099046922851349,0.41507786186677753,0.4812366787754886,,,,,,,,,,,,,,,,,,,,,,,,,,,,,,,,,,,,,,,,,0.32507752562708603,0.4899407121016918,0.39508622083085515,0.5128837236897555,0.37643723072198626,0.6349962594337885,0.42238503493860674,0.4196368295740218,0.3348955484233802,0.5471586453235578,0.4255798954084816,0.5290607796461511,0.3192688032195742,0.5364644218962149,0.39944564250352854,0.5544884814627086,0.3951286938372195,0.6273922991115599,0.4226221892041376,0.46601803620192256,,,,,,,,,,,,,,,,,,,,,,,,,,,,,,,,,,,,,,,,
jruby-1.4.0.csv,0.3639211923967413,0.536324117700179,0.4003682311674791,0.5562335497715061,0.4363936777207573,0.6041345938585958,0.4236589339752365,0.5530911016847014,0.41887604486652535,0.5455338490291365,0.4722588104999532,0.61331974856632,0.33089936065913106,0.5558155682724136,0.39532916218210756,0.5542744242225726,0.43275611795061747,0.5982678440673589,0.4194022772489558,0.5521420014015783,,,,,,,,,,,,,,,,,,,,,,,,,,,,,,,,,,,,,,,,,0.3378750452627676,0.505294042832134,0.4470235061383274,0.5787298528550822,0.4609089684564453,0.6054326205160153,0.42711104725498805,0.5463071771403076,0.40719409743458324,0.541648340622849,0.43381625938200996,0.5797098278309367,0.33434424089349674,0.533655584139357,0.43217073390034066,0.5556782110684729,0.4304728433711987,0.5929655996310662,0.44771332338262293,0.5800212447852562,,,,,,,,,,,,,,,,,,,,,,,,,,,,,,,,,,,,,,,,,0.30413058399136395,0.5203188970442779,0.374899578601444,0.5838577127759753,0.4441168200822587,0.599937995935354,0.38728116165300525,0.5323677854081756,0.3602970627127649,0.5330608585541343,0.44127162869870973,0.602009166951828,0.29637661820816097,0.547465857608207,0.3820082727216841,0.5846265308252137,0.4400902484051247,0.5929554340345637,0.3866892670016274,0.5224615765300862,,,,,,,,,,,,,,,,,,,,,,,,,,,,,,,,,,,,,,,,,0.27891784774564615,0.4755230800190528,0.35140064946931937,0.5577820850467377,0.44911592012560253,0.6050860627822768,0.3727213628753024,0.5239915406053369,0.3020135685095712,0.4962504324922366,0.4259163701128779,0.5593881831398395,0.25406729889115404,0.5096267584037073,0.35178612476506343,0.5479127012131151,0.44472135164705073,0.5956608261580082,0.38035335037456386,0.5102201745079996,,,,,,,,,,,,,,,,,,,,,,,,,,,,,,,,,,,,,,,,
lucene-2.3.0.csv,0.6281170554359115,0.7535981929615994,0.7113109229952727,0.8319379421108328,0.600726604813736,0.7295068433983793,0.6884344284594291,0.7930578828898867,0.635064329885421,0.8013556098680479,0.7446425203711842,0.8898477608457458,0.5648701280050072,0.7201171883470338,0.6735874439108028,0.8055869261663873,0.5601086772475611,0.6948293896826512,0.6549915602162693,0.7580816751001391,,,,,,,,,,,,,,,,,,,,,,,,,,,,,,,,,,,,,,,,,0.5091279296016566,0.6888997741256843,0.6268620664585765,0.7699941913006922,0.5427043305765149,0.7178575633976594,0.6254295900581722,0.7787152391079275,0.6103655408139591,0.7432297147419423,0.6169459014829305,0.8357270014343849,0.526848033222686,0.6892123314177979,0.6249281964031218,0.7710601825126321,0.48207585297185596,0.6692879397817652,0.6447946087519623,0.7717201080565624,,,,,,,,,,,,,,,,,,,,,,,,,,,,,,,,,,,,,,,,,0.5479792701741648,0.7098947524274293,0.6036751627988809,0.7880255506901335,0.5255174132585557,0.675216802612087,0.624712080165486,0.7581089897227541,0.5463724471283473,0.7740083116113874,0.6794829445576418,0.8676086115287829,0.5091710261761511,0.6947738518792786,0.5916336900495356,0.7800752010520565,0.5074912417920954,0.6568550548748342,0.603962710881572,0.7435906549096323,,,,,,,,,,,,,,,,,,,,,,,,,,,,,,,,,,,,,,,,,0.40319688997602526,0.5999417769212544,0.4798626412108133,0.6394427550050247,0.4589685352968212,0.6220261291495427,0.5240295470958245,0.6951054298462064,0.431834210005195,0.6334073497651546,0.5574269031931504,0.7317928189340062,0.33011359399067586,0.5875354176402035,0.45603987055168516,0.6429892583157083,0.3858918100620435,0.5746944048968584,0.5168676931043735,0.7033646185173416,,,,,,,,,,,,,,,,,,,,,,,,,,,,,,,,,,,,,,,,
hbase-0.95.2.csv,0.2478595134276821,0.5245271303145896,0.3791549403844644,0.5839875554524212,0.3223482638608871,0.5254119226115443,0.39868363558192627,0.5594194609567518,0.30341501261493886,0.5209919346627303,0.4021878453263529,0.5797341786700558,0.24444623884869374,0.5597739142757029,0.3452939026800204,0.5739501483095697,0.32442924204293,0.5187604806615527,0.37408689974445086,0.5554194691731063,,,,,,,,,,,,,,,,,,,,,,,,,,,,,,,,,,,,,,,,,0.17440544692058169,0.4541385921547932,0.21468757802685942,0.44774618354789747,0.3089495256563236,0.5185754439661501,0.2663967198138752,0.48182836125189465,0.24898602375826606,0.4686411447231209,0.2037597218146357,0.5110562901464569,0.20922342619154782,0.49813414513652143,0.25667289259844267,0.4564455318965642,0.2862549538933473,0.5074745936266253,0.30123548544664047,0.49815398425997853,,,,,,,,,,,,,,,,,,,,,,,,,,,,,,,,,,,,,,,,,0.22188797510478217,0.5131795558461245,0.36997293463732406,0.574861644646531,0.32430974198764284,0.5288714502828824,0.3839996456668594,0.5489844361816141,0.2843014459653205,0.5108714703549885,0.3879466677375615,0.5716003558398322,0.22030709459345432,0.548741311792833,0.36707263607536833,0.581832478629526,0.31971332576550654,0.5222846925691315,0.38077233097082425,0.552547155632124,,,,,,,,,,,,,,,,,,,,,,,,,,,,,,,,,,,,,,,,,0.13836767152593676,0.4135108324141092,0.15787550969477163,0.39962205152676267,0.3065766949464878,0.5159521534278513,0.18153698058284168,0.40924622563457325,0.15409045163710425,0.40469416016640636,0.199885374993182,0.4575193523173263,0.14494167780257894,0.4934550453817965,0.20282843656356522,0.426528746469357,0.30849683365795766,0.5136415676522611,0.27308505619190926,0.4841364550832722,,,,,,,,,,,,,,,,,,,,,,,,,,,,,,,,,,,,,,,,
lucene-3.0.0.csv,0.312429365889733,0.4379554444708773,0.3809710472396609,0.45544130095841306,0.2983632720739931,0.33456430099773116,0.37457614021183827,0.47896157237249715,0.31213439188457387,0.42350408043037996,0.3882830842776357,0.5075441573948227,0.27254971414517976,0.4856144897455748,0.3439642715231528,0.41199913840264135,0.29684272113288873,0.31770447773372107,0.3613084704845885,0.3858984663282219,,,,,,,,,,,,,,,,,,,,,,,,,,,,,,,,,,,,,,,,,0.19763116149119736,0.29888284545775856,0.31867569295295817,0.36970704320013714,0.28117907612392956,0.3787054671690284,0.3353889979471024,0.3944253155557033,0.28562178680169953,0.35558822302164705,0.15144987633459198,0.3672942903519508,0.23052019046520253,0.4640354423325498,0.2918870621211919,0.3214878231371354,0.29176791558068316,0.35032154228977097,0.34518186364425846,0.34643410834687055,,,,,,,,,,,,,,,,,,,,,,,,,,,,,,,,,,,,,,,,,0.2980352267548061,0.46242347354944985,0.35714797673483334,0.40318638767229764,0.30491199566491395,0.32146030006138004,0.35643241242954543,0.40529358534496684,0.29608166440270717,0.41007369028189655,0.4034343845315261,0.40607107700083994,0.2634796967425386,0.49194158656070947,0.3471564669985667,0.39754558781523,0.2974066980163287,0.3138040496018969,0.35498511143384215,0.3849474208347189,,,,,,,,,,,,,,,,,,,,,,,,,,,,,,,,,,,,,,,,,0.1542975784688603,0.31363357554765875,0.325402812165387,0.3428414417972189,0.293896127783133,0.3098637092170446,0.3401279131880979,0.3523406065869268,0.23666578136594515,0.30397957853513086,0.20389723429144366,0.27791515546682216,0.1771677842120977,0.4167638719968724,0.307624458671325,0.33496838898141534,0.2944326634381271,0.29788139410137987,0.3253324724265961,0.3246737182307878,,,,,,,,,,,,,,,,,,,,,,,,,,,,,,,,,,,,,,,,
camel-2.9.0.csv,0.20930683379552684,0.19470879247889405,0.23048500777302575,0.24077725925769006,0.21548323039669967,0.36345063576122305,0.23005790411501204,0.1635179157346686,0.21178805118047514,0.28202994043537977,0.2686191860297343,0.2559551342406416,0.13623909862826028,0.3815108565446894,0.22083733447422596,0.22160060547691468,0.23121059716304193,0.36438936109826914,0.2248552835286068,0.20687593552176917,,,,,,,,,,,,,,,,,,,,,,,,,,,,,,,,,,,,,,,,,0.16239143905073536,0.14881065718427305,0.17848805790913283,0.1685985252750251,0.23568104302648624,0.35595177491402197,0.21126729295052996,0.15021318696467487,0.2303652411675193,0.22297837472240659,0.1366599442668542,0.18891259795597526,0.14706969768581918,0.36399284200744864,0.19296234005279353,0.1812653604505204,0.22739641001727598,0.34693382256465,0.23867469544061984,0.21550783428547995,,,,,,,,,,,,,,,,,,,,,,,,,,,,,,,,,,,,,,,,,0.19820809615758,0.17905385450182598,0.2181746390125786,0.2634922096618733,0.22812882966999307,0.36495955847016354,0.21244902487338385,0.1697327016972136,0.19101204774188335,0.3002580234397416,0.29512822278787465,0.2426938387215197,0.1306423976506815,0.39539313857012276,0.20464300378199515,0.22174618186873982,0.23408015152813977,0.3616256273173666,0.2123234459603121,0.19530910848102806,,,,,,,,,,,,,,,,,,,,,,,,,,,,,,,,,,,,,,,,,0.14367561671942616,0.13512723286817727,0.18903354595110639,0.18682234825636881,0.2302696777960614,0.3525152328862997,0.18399090402875623,0.127328025619596,0.1771547840269025,0.23558585652590278,0.18555000087521814,0.17062626071733691,0.11040278153451015,0.36765633074192117,0.18202088741416853,0.17597898229763087,0.23394164753729754,0.3534096761774117,0.20386589453033718,0.17231685801800548,,,,,,,,,,,,,,,,,,,,,,,,,,,,,,,,,,,,,,,,
wicket-1.5.3.csv,0.13253374186835679,0.17037215109303738,0.21079879461206105,0.19373136870332658,0.23561109656103327,0.3125706980338737,0.22513887538382937,0.15268870978577387,0.19518871965606258,0.26325048310017996,0.1670197439127421,0.19397090876765283,0.12011322827336621,0.3610043925990699,0.20930291807436077,0.18870086974108596,0.23865105294160707,0.30338252154190626,0.22148987456096578,0.18607787908139817,,,,,,,,,,,,,,,,,,,,,,,,,,,,,,,,,,,,,,,,,0.08371518029447761,0.11889361969240095,0.15630598224560385,0.14720760892387044,0.22829803811567206,0.31705083753372115,0.08978752968293748,0.12952400844597783,0.16657481205641286,0.2030297147952242,0.030604992609229553,0.14373378957004074,0.16816270340113093,0.3770695080833557,0.2039370461727613,0.1565901772631689,0.1880593939788857,0.3201091403865216,0.22730503558620374,0.1786349935425139,,,,,,,,,,,,,,,,,,,,,,,,,,,,,,,,,,,,,,,,,0.12849194603885297,0.20056087507415157,0.21041976633488457,0.20301217638030766,0.22484463994373172,0.31937258598403756,0.21162674863566353,0.15069846249693802,0.18088967650644963,0.2532880074472192,0.19741759246442064,0.19714164175546822,0.14452156538018524,0.39493332850429963,0.20861372436466888,0.1927401417002123,0.23224366932151305,0.3257673063345011,0.2198920008402276,0.1754073540509097,,,,,,,,,,,,,,,,,,,,,,,,,,,,,,,,,,,,,,,,,0.08091041650747266,0.12905542493963817,0.15312787309637663,0.151865072779421,0.20424665985940005,0.3280504867227805,0.14104444813633843,0.11593505346537074,0.13063656906968182,0.17157242989097735,0.0680766655611329,0.12942716847394434,0.12291882446209203,0.367110586987163,0.17629488402639437,0.15553174506800052,0.22735521004998438,0.3165329113894987,0.21875233084388263,0.16005794404047402,,,,,,,,,,,,,,,,,,,,,,,,,,,,,,,,,,,,,,,,
lucene-3.1.csv,0.11002224716907988,0.15567826699344522,0.16425145412297704,0.1820359500431081,0.16944830993133123,0.25775541586509193,0.14616664139100538,0.10657073516621983,0.1510790752756135,0.19131191468967806,0.17618549483668253,0.17022201314632202,0.10229244421272743,0.35170519730225325,0.16265308097596948,0.15988031334400218,0.17650024608536882,0.23990653516958196,0.17529287263461113,0.13178279360579034,,,,,,,,,,,,,,,,,,,,,,,,,,,,,,,,,,,,,,,,,0.12103018917993365,0.13940303435763388,0.18865058956612318,0.18098155811456387,0.18372960648315104,0.2711118874019094,0.15307760530677786,0.11655739662172518,0.16379958440945874,0.18422142606856884,0.11249586119623142,0.13961589898913973,0.1447411894033542,0.32586346927224485,0.17717294293573999,0.18799430603477554,0.17718200963506878,0.2795142111215354,0.17389998621552188,0.15507557185580287,,,,,,,,,,,,,,,,,,,,,,,,,,,,,,,,,,,,,,,,,0.1485648630655277,0.2661223569483593,0.1750917621452308,0.23193790711741652,0.1835529902489985,0.24829485034935384,0.16433759695491254,0.12770096660590413,0.15877366312606453,0.26487920729633535,0.21711066889097944,0.1475291210003285,0.11174683100346876,0.3566048667777754,0.16116704791504977,0.2160081704202437,0.17259969102193107,0.2373962364286898,0.1669197851286685,0.13628414639340097,,,,,,,,,,,,,,,,,,,,,,,,,,,,,,,,,,,,,,,,,0.158786008540089,0.2621030965687546,0.1679083016321595,0.2395285841700285,0.19032245818548255,0.24243432555642724,0.16636963617232317,0.12792167439559807,0.14247020732858093,0.24412187511796085,0.2165281931971962,0.1297777917768272,0.11540604219902258,0.341835118009716,0.14611521411575437,0.21344680840793845,0.1833717935122605,0.2374027916003743,0.15941060168136104,0.1482447793043594,,,,,,,,,,,,,,,,,,,,,,,,,,,,,,,,,,,,,,,,
groovy-1_6_BETA_2.csv,0.36337976707641745,0.4525595608217503,0.3801310479653619,0.4233267016889273,0.2759138099061256,0.4117957157118748,0.43389340504448287,0.43675329798424195,0.3803567082336683,0.5257417324889658,0.4793649956990194,0.5849247050657125,0.28757675660378157,0.49122561294153316,0.3657101383675031,0.3434333849716744,0.25639519105856373,0.3922407842574806,0.3890372328382277,0.31895920340485445,,,,,,,,,,,,,,,,,,,,,,,,,,,,,,,,,,,,,,,,,0.28973747136868705,0.3546482886838171,0.38061691607820164,0.39575056663347796,0.2871400948485148,0.3945017526050156,0.3785208214900615,0.36889511535762565,0.37527253387969095,0.45273001150404346,0.34916368599086595,0.4562099241295543,0.24154833576568543,0.44528112569896455,0.30900511041374396,0.3363530625684826,0.266818405332111,0.368325979409142,0.32716616596103065,0.31227559195862215,,,,,,,,,,,,,,,,,,,,,,,,,,,,,,,,,,,,,,,,,0.31698604672405384,0.45131893353290775,0.37120107445588324,0.3924310823548938,0.28317805815136254,0.3767200648718255,0.411457421231124,0.3757249319700757,0.3414621142008912,0.5284008468731419,0.4822282464160994,0.5601226121511086,0.23823780769671274,0.4672025783868862,0.3100914468387896,0.35583793981511264,0.2627903788731126,0.36144018922619003,0.3514685413707286,0.3145979864775572,,,,,,,,,,,,,,,,,,,,,,,,,,,,,,,,,,,,,,,,,0.22737126376434516,0.3332550505311427,0.2824879849710295,0.3212607543223097,0.24819728160129675,0.36182107249055895,0.3221463795116947,0.33370881736266705,0.3232202508091106,0.44157016152818085,0.3611094248529854,0.4233806068911283,0.20054205210315942,0.44337329047675483,0.25515160811701354,0.3140970907825422,0.23522645510223303,0.3582679368869083,0.27824874594794885,0.29970485077822206,,,,,,,,,,,,,,,,,,,,,,,,,,,,,,,,,,,,,,,,
activemq-5.2.0.csv,0.392712329787368,0.49281175166229174,0.4615759639271865,0.6179930231634997,0.41875653424109827,0.5761073820758871,0.4705531860766336,0.5535953682216033,0.382088633766641,0.48890306826448726,0.5342497598023099,0.6193862580673126,0.3357411841506189,0.5220916710394975,0.43319604114389215,0.5949524842236245,0.4143177860890889,0.5670573445715074,0.44526547332134675,0.5822269419681099,,,,,,,,,,,,,,,,,,,,,,,,,,,,,,,,,,,,,,,,,0.2668468530346372,0.3818004802709577,0.3703294038808522,0.45377259111549406,0.3738535189662855,0.5176994409783177,0.4160098376181811,0.4909701440159096,0.3204602185609394,0.39347126928818876,0.33873139508530525,0.49155986926240836,0.30880597678584876,0.4867169589859224,0.37418136675339025,0.47283187477607996,0.37709005691767017,0.5207765746654709,0.4013904861397936,0.5079553183558235,,,,,,,,,,,,,,,,,,,,,,,,,,,,,,,,,,,,,,,,,0.36501075301078545,0.4863406582448717,0.4645119140752289,0.6095972904501601,0.4197881595286901,0.5805585806929726,0.47003046692697403,0.5671587050106831,0.34535525181723775,0.4801526519536333,0.5266441370064973,0.5883126050872839,0.3213084255576087,0.5257905419430293,0.43667042487179886,0.5868713739399973,0.41649641136764404,0.5809537395956893,0.43549318061914266,0.5773679959006527,,,,,,,,,,,,,,,,,,,,,,,,,,,,,,,,,,,,,,,,,0.23341191690978572,0.351748472637783,0.34930503882118463,0.4003766487740441,0.3865111264742207,0.5254807600506005,0.4011147126189407,0.4511336186421703,0.2763338708476824,0.34601323244954957,0.30165475053701574,0.4272943403495619,0.22539712239092002,0.45589318549677615,0.3673017946078723,0.43620979108687513,0.3912159959561911,0.5365265290670203,0.39487739856999,0.5076410093747881,,,,,,,,,,,,,,,,,,,,,,,,,,,,,,,,,,,,,,,,
groovy-1_5_7.csv,0.25704060137643475,0.31208839862743665,0.2961467426808654,0.4266276651875616,0.3073300132504413,0.47457419758205,0.3585470229413905,0.36458255687038127,0.28316695905942274,0.43530205978757464,0.34420444863325594,0.4372523766725345,0.14257302096545577,0.3956845221011471,0.20785359315241536,0.41264705937341417,0.2674373070157387,0.40274345322783117,0.2995189994500756,0.4023853450689876,,,,,,,,,,,,,,,,,,,,,,,,,,,,,,,,,,,,,,,,,0.2674760088791966,0.31655235351767247,0.30721469155247233,0.3785553658596977,0.33068672827337103,0.4737580196337713,0.3424175150618401,0.361361079877917,0.3144335072903897,0.42738610204058985,0.31738712085585585,0.40363820092838365,0.16649612642859665,0.39146694174178925,0.23126901510848227,0.38988291151920784,0.24545472647937744,0.4270973564357947,0.3258852502410105,0.4811846308497278,,,,,,,,,,,,,,,,,,,,,,,,,,,,,,,,,,,,,,,,,0.15034323702495628,0.271989419599047,0.222034764481388,0.4332751317206263,0.2526761896930995,0.44446929486932063,0.2331395440723293,0.2781083204670411,0.16804184342790562,0.3745206832698899,0.346706788139086,0.3559859211653615,0.13859192289185587,0.40916982172066163,0.17394715265398578,0.3803862513119843,0.25120852794037474,0.44929007560385964,0.23660329152515294,0.3310044966837997,,,,,,,,,,,,,,,,,,,,,,,,,,,,,,,,,,,,,,,,,0.1762497775320674,0.3103380189690461,0.2179182822226332,0.3266650026115335,0.26475005353822434,0.4573116223317137,0.23941077775421132,0.2322171106961273,0.17782235465482038,0.37622961762391427,0.32977489856329895,0.416178449101826,0.12987254567543646,0.39469529559207017,0.16909275735868584,0.34446263671009164,0.2396195602607219,0.4460918357121086,0.24411566320323863,0.3708424283245175,,,,,,,,,,,,,,,,,,,,,,,,,,,,,,,,,,,,,,,,
hbase-0.95.0.csv,0.3530358516441755,0.5636609848570122,0.3551681537991013,0.5664140527073781,0.29942677670785595,0.47111723849406995,0.4134385039056716,0.5735861644006967,0.3820500775011626,0.5782064477036323,0.5149064609212649,0.6632901848241595,0.3109231049276141,0.5753640217032231,0.3445999240477305,0.535479667311538,0.3026245075390208,0.4607993422979998,0.3707541256341608,0.5483485288555866,,,,,,,,,,,,,,,,,,,,,,,,,,,,,,,,,,,,,,,,,0.17056161874095838,0.42158409122796203,0.2439963675263824,0.4352224062589161,0.2685566399078612,0.4513505767487125,0.24731518159444138,0.43647095784117895,0.22264530745604807,0.4315996646874687,0.16226244710548304,0.45405878399926153,0.19997980526865666,0.46292191809565025,0.2657673509885307,0.4217618549544915,0.2759213971380867,0.4567410888099635,0.2982137852285794,0.46351469420165886,,,,,,,,,,,,,,,,,,,,,,,,,,,,,,,,,,,,,,,,,0.3340459367089002,0.5571418284301167,0.35416277269332785,0.5537746578697756,0.3062875133778469,0.47096898421958044,0.3989628293526438,0.5615700706869337,0.3571724991558138,0.5726749388709151,0.5004819909325727,0.6507594901911685,0.29210469668222716,0.5692267956777033,0.332757717765816,0.5348614862357839,0.2909475947934928,0.46463848096721405,0.37736043235114686,0.5462045509703455,,,,,,,,,,,,,,,,,,,,,,,,,,,,,,,,,,,,,,,,,0.09391570662469655,0.3405063002901116,0.19614430330247276,0.39609874308750215,0.2616225216062387,0.4503327015460353,0.1959145035371716,0.37503361104874755,0.10336453905098057,0.3431669732830753,0.1629079829747281,0.37647756427357143,0.11405279070162276,0.4485791308678999,0.1858616166867299,0.3873201726506239,0.2658863073043179,0.4426149152229612,0.2915794913132426,0.46495941775783073,,,,,,,,,,,,,,,,,,,,,,,,,,,,,,,,,,,,,,,,
camel-2.11.0.csv,0.23218776158288035,0.20621532990541055,0.2255308411273164,0.17111411077853703,0.1840785587234155,0.2727977817655714,0.2323694565394839,0.15924827618615744,0.21074453907912044,0.29103307953262303,0.3079358036207956,0.3101489002311811,0.1635085031825309,0.41714471566910377,0.20542565716385222,0.1671934948507587,0.17315516534081854,0.2709900625006242,0.18715490135095617,0.14468098098904167,,,,,,,,,,,,,,,,,,,,,,,,,,,,,,,,,,,,,,,,,0.25641737328980096,0.20723299302851306,0.2308208403358799,0.16592861799925265,0.19118511319283685,0.2627654463277348,0.2653875896083343,0.18920416422344438,0.21772327071035216,0.246707201942738,0.320175575376995,0.31086432751432613,0.15904740479618298,0.34639068641202914,0.22682542663086003,0.16327220839275405,0.17942785263036215,0.25987847157245403,0.1927065618177989,0.1839197520841697,,,,,,,,,,,,,,,,,,,,,,,,,,,,,,,,,,,,,,,,,0.1942077623267514,0.20106924840018664,0.18871132742060354,0.15909257940321161,0.17255721896773935,0.268943643269485,0.19898648679252853,0.14190603469335722,0.19126053974646204,0.2889923005149303,0.29399003460481965,0.2733755027826123,0.13289739951199867,0.40290576190386934,0.17980955909228538,0.1509724918265542,0.173646847908701,0.2639785334156435,0.18482998110607823,0.12919146439727178,,,,,,,,,,,,,,,,,,,,,,,,,,,,,,,,,,,,,,,,,0.20418612155119883,0.16071637632815,0.1672194863577921,0.13846380033078104,0.18036023843338142,0.26250772815816253,0.17999372326969143,0.12271136797670022,0.16861953291947465,0.23584171312834876,0.2930872568998744,0.27996355100069936,0.11502410612991097,0.37577236599553143,0.16159880205425023,0.13444478811325777,0.1662317795499313,0.25595381760079733,0.16988424434015692,0.1366440354009021,,,,,,,,,,,,,,,,,,,,,,,,,,,,,,,,,,,,,,,,
jruby-1.7.0.preview1.csv,0.1726416636081569,0.220234698834368,0.3056310967193313,0.31406879933269743,0.2954834986243392,0.415047085129008,0.3282142380766338,0.28008980308697146,0.27681189866388256,0.3486060512116776,0.2876668559102065,0.29687765880329753,0.2276129255127154,0.422203354079395,0.2869184801089786,0.2988647209196608,0.31370298703692606,0.409165646312287,0.33360787697499666,0.33593690168021295,,,,,,,,,,,,,,,,,,,,,,,,,,,,,,,,,,,,,,,,,0.19426435529470504,0.24181034508749322,0.2752300500737155,0.28766178338274945,0.3173869055672949,0.3890631835913569,0.3139595043265971,0.2701948174528752,0.29429684430238384,0.30201371231717644,0.23970732926936,0.28445586753763297,0.2587039736821622,0.429748170223472,0.29979143047377477,0.30782137126728804,0.3097061028082789,0.3846618489423817,0.34910472911199847,0.3626178933417934,,,,,,,,,,,,,,,,,,,,,,,,,,,,,,,,,,,,,,,,,0.21964096832505878,0.3492960678885554,0.2863573193763061,0.32909665248328196,0.29458417866891706,0.4236347735017224,0.29330053094670583,0.24435336414547934,0.22447456257078094,0.3589571501276992,0.3092114764527405,0.29293262560944194,0.18725942499669596,0.4306184001906051,0.26872851944274334,0.32221030620812163,0.3091139775692581,0.4146653569506514,0.30248883126113474,0.29139775912086346,,,,,,,,,,,,,,,,,,,,,,,,,,,,,,,,,,,,,,,,,0.19561018794252327,0.30302400069252927,0.24171405794756798,0.2773613801043932,0.2943873817633325,0.42145447680348985,0.2970516312210979,0.21096405565884296,0.21095110690210622,0.27972995269684103,0.29250785390760903,0.26997373519439194,0.17617339856348632,0.4098412755719879,0.25617375396116127,0.29654869544792406,0.3025359033133356,0.40336050491290687,0.2980929357305362,0.28242579110663096,,,,,,,,,,,,,,,,,,,,,,,,,,,,,,,,,,,,,,,,
hive-0.10.0.csv,0.37716350984221547,0.48364038387066954,0.46490540309608197,0.5503906219059461,0.4267728999794521,0.5056314874025454,0.4012480025525793,0.497242035527675,0.3823217434119088,0.5363551871318912,0.5183570614230492,0.5565334691488947,0.2932236614307927,0.4954083295324587,0.39927236347359235,0.5073713053555567,0.42563211218709107,0.4910259263665975,0.4143364116932587,0.46956551999949414,,,,,,,,,,,,,,,,,,,,,,,,,,,,,,,,,,,,,,,,,0.18651264400887915,0.42369760063189255,0.24938284179889064,0.322456488260744,0.38164046806457513,0.46485054057732744,0.19733709419369683,0.3134877939550113,0.24958443340635042,0.34771185597975623,0.16216254458629464,0.4125687053374821,0.282870473827889,0.4440375409840657,0.2987197461294577,0.3694044074358128,0.316060642723593,0.46906072914088526,0.3625264541710454,0.4186707733684401,,,,,,,,,,,,,,,,,,,,,,,,,,,,,,,,,,,,,,,,,0.35319621231706877,0.4716877205083067,0.44675829448585197,0.5589620747634664,0.4331403115387652,0.5080011405214195,0.4232579235988412,0.48705007604418804,0.3854596700391151,0.5458887577009773,0.48176587195419374,0.5263093760628343,0.31307254922480426,0.5152236141538326,0.4166013809862881,0.517033816739841,0.43127673234989466,0.4970408592998952,0.4166691813794045,0.47729846333377873,,,,,,,,,,,,,,,,,,,,,,,,,,,,,,,,,,,,,,,,,0.19613905225944175,0.3193718476984714,0.2689055184071741,0.35412866270510945,0.41588160223912923,0.4738873367885576,0.3016573969700916,0.3546959588151479,0.24731542264583348,0.32598467675350795,0.20396144110642134,0.3789436802033699,0.23924702188432564,0.43314811790431434,0.32048006372204435,0.3758198151006787,0.39431174427043564,0.46268933540474366,0.4002712427584229,0.425093619715026,,,,,,,,,,,,,,,,,,,,,,,,,,,,,,,,,,,,,,,,
camel-2.10.0.csv,0.22036499328895715,0.18421003282995585,0.2407396462564318,0.2087603833550994,0.2607923060482443,0.3638163546843355,0.2681996051513335,0.18986162332508186,0.2329090405348632,0.29949707707314815,0.3083288682213492,0.2917510367376204,0.16670718834685372,0.4085972352638042,0.2318952112164222,0.21544387691080644,0.25999918177598863,0.35525358814070807,0.25325133085607127,0.21952348860231488,,,,,,,,,,,,,,,,,,,,,,,,,,,,,,,,,,,,,,,,,0.13938688767833618,0.1371294829582462,0.17818465199003086,0.14582240494818768,0.2750199808070859,0.357214354772086,0.19248152836594812,0.13516682188734033,0.1903082680137984,0.20659676815857428,0.14093694977694274,0.19213797420846201,0.14485263330860648,0.36030160994374005,0.2008048024133245,0.172905262070573,0.2507534578922889,0.3544030109518142,0.2567442140613379,0.2217073189266372,,,,,,,,,,,,,,,,,,,,,,,,,,,,,,,,,,,,,,,,,0.20895839818278383,0.24525302023444975,0.2152971753847471,0.2368491263574111,0.2427849606158764,0.3666540038946075,0.23632394477138152,0.1656420274398997,0.20259451642559181,0.32032114855983473,0.31139008417540703,0.26030622775215745,0.1523728859332556,0.4094607895152355,0.21276376028968236,0.22146855404679008,0.24838594080496196,0.3586983167414764,0.2199374689712375,0.1715175199755677,,,,,,,,,,,,,,,,,,,,,,,,,,,,,,,,,,,,,,,,,0.13916508577444178,0.17435674510447913,0.1845493683512295,0.18329656919984086,0.24327637599281351,0.3522799935012905,0.17446762915158062,0.11526014991863055,0.17515241027277745,0.22787216713286434,0.21669721912659262,0.1717047709147103,0.12908013854905395,0.3798953820047524,0.19102268208468487,0.19246929349836922,0.24984609204236075,0.3442022548914131,0.21141726286505694,0.16031741277525316,,,,,,,,,,,,,,,,,,,,,,,,,,,,,,,,,,,,,,,,
derby-10.2.1.6.csv,0.4600111239462645,0.6985578668671917,0.5659177660198104,0.7949603845664762,0.5377236591895618,0.7527726961650281,0.5833217351602549,0.7818778252358056,0.47088365822417594,0.7358223367460971,0.5953630943401499,0.8093694541814576,0.4529274845626981,0.7048927179215722,0.572979457701151,0.7942935176139824,0.5336471996242307,0.7537897578225238,0.5709024331670068,0.7749532754969398,,,,,,,,,,,,,,,,,,,,,,,,,,,,,,,,,,,,,,,,,0.23377311932913222,0.562331633952814,0.44574589656279673,0.6815334038130184,0.428992515835863,0.6759000626853131,0.44304921210283976,0.7077960565461126,0.3402015519954476,0.6080420269153158,0.30066433698377754,0.7187086958593514,0.29950687073126814,0.6146556863861317,0.4086179555129375,0.6625239433925632,0.43773425029637036,0.6846883683506502,0.4415844764276207,0.7120206788416688,,,,,,,,,,,,,,,,,,,,,,,,,,,,,,,,,,,,,,,,,0.4463727137351012,0.6914327042857118,0.5696369028955133,0.7920824944606213,0.53930307186457,0.752979064630345,0.5828541837624353,0.7809588369440356,0.4585259166744418,0.7322316096068142,0.6000373515751721,0.8117596603996364,0.4377292157674713,0.6968219656129875,0.5675603880711648,0.7883904045149349,0.5319360115067261,0.7515654912739025,0.5685921553893238,0.7720945313253817,,,,,,,,,,,,,,,,,,,,,,,,,,,,,,,,,,,,,,,,,0.22681733364291934,0.5504598296035296,0.3462824667487996,0.6079482740354932,0.4284535640003375,0.6788929237371313,0.40387882887856885,0.6493117622736184,0.2814608848578495,0.5597952530183945,0.28487108490277735,0.6599828209468153,0.24204052647859364,0.5894196538154702,0.36995931482301875,0.620981806221446,0.4257959822930771,0.6865544767073025,0.43655679578616213,0.6881101957198359,,,,,,,,,,,,,,,,,,,,,,,,,,,,,,,,,,,,,,,,
jruby-1.5.0.csv,0.346226734721727,0.4224856048043671,0.4089751283089021,0.45372466516399435,0.4049742509639971,0.5358476359205729,0.45282786592562585,0.49680747743268194,0.3981051442820986,0.5113221622603922,0.48510064986146995,0.5120984730825242,0.3203240929564222,0.5006039980500879,0.3784047343410931,0.4709340539965601,0.39126670825399434,0.5189592517661423,0.4132019356607782,0.46058472570705106,,,,,,,,,,,,,,,,,,,,,,,,,,,,,,,,,,,,,,,,,0.3349372592573655,0.40727141554720175,0.4373496695324059,0.42628818362063164,0.4139619440776596,0.535048247957591,0.49622835963816697,0.5042140423083826,0.43945026211455285,0.49686078382256355,0.45520804195962083,0.5389438376936454,0.30861898339696625,0.46116326955976683,0.427483252840628,0.4385048594566203,0.3880385000686599,0.5204367601901652,0.4336422512069593,0.4900754499239305,,,,,,,,,,,,,,,,,,,,,,,,,,,,,,,,,,,,,,,,,0.2713683346631682,0.4684567925963523,0.34269976875688823,0.43312801982856625,0.3529293270239424,0.5072058537502968,0.3603518997041349,0.308237126850671,0.2841386527426914,0.438335437284046,0.3592698748295034,0.41364928729624495,0.218719998224053,0.4798421570739287,0.3202825494845022,0.4032833469905317,0.3532864068673024,0.5174262333368671,0.3364800877415247,0.32037656729582975,,,,,,,,,,,,,,,,,,,,,,,,,,,,,,,,,,,,,,,,,0.2277154709173524,0.4193257902958806,0.3067963467165953,0.37169760488483894,0.3575245203263461,0.5116916524214056,0.3373913648961148,0.28824440554156056,0.2506979442433203,0.4183465442185463,0.3374070026724814,0.37761975896945144,0.20909935172585814,0.4653867155622017,0.31663802940801533,0.3991371369497866,0.359928733765398,0.5134649018431038,0.33088971671488343,0.29372749900853057,,,,,,,,,,,,,,,,,,,,,,,,,,,,,,,,,,,,,,,,
derby-10.3.1.4.csv,0.40788357414776255,0.6522352967443895,0.5022565619731978,0.7297894365583134,0.4119888372174455,0.6481076174482745,0.4659143637974015,0.7007626753390416,0.40711541055323686,0.6471605750875681,0.5385257222078184,0.730421604893409,0.382334597954196,0.6536922212522892,0.5017767675056388,0.7263812208137348,0.41403542930927245,0.6456965984082287,0.4488265079045164,0.6899781746489837,,,,,,,,,,,,,,,,,,,,,,,,,,,,,,,,,,,,,,,,,0.25202130660409583,0.5625895129643265,0.4150154065987449,0.6564154397376852,0.4122684297434474,0.6396085548895327,0.3981122744337477,0.6352069716564654,0.2913491796193515,0.5428780826263405,0.26383512646955937,0.6602201510689585,0.2933131890594743,0.5851710720242146,0.41380113187615536,0.6364362178423404,0.3906295059368237,0.6353657131851148,0.4204890048913778,0.6520836696842649,,,,,,,,,,,,,,,,,,,,,,,,,,,,,,,,,,,,,,,,,0.3932616751264429,0.6442709789057908,0.5040215893229698,0.7277604882343038,0.41207202581661945,0.6469363440689958,0.4636600550034586,0.6959384381000427,0.3914840830598454,0.6390958519789707,0.538222374317791,0.7167043976337472,0.3473654527399028,0.6353251679297406,0.5016415995025899,0.7244861680640797,0.41833831139100963,0.645419945428197,0.4533603129442176,0.689632184516781,,,,,,,,,,,,,,,,,,,,,,,,,,,,,,,,,,,,,,,,,0.21444328660729947,0.5163595811862475,0.4013467496735045,0.6263368781284668,0.4084576521340893,0.633995298697451,0.3730757795290366,0.5969776697026298,0.25871457403267917,0.5146254283044799,0.24856297500775626,0.6233038128362121,0.2557246955985304,0.5721944224577153,0.3872891348981324,0.6187163508407572,0.38744346935586466,0.6303910210200425,0.4072085278395312,0.6438016339979914,,,,,,,,,,,,,,,,,,,,,,,,,,,,,,,,,,,,,,,,
lucene-2.9.0.csv,0.2971383391465111,0.5030423519820166,0.3589638590516009,0.5034291359537038,0.32353353734117396,0.46768634020033145,0.39020269562354487,0.4958597749837193,0.34887000075812014,0.544647843001073,0.42530013534061195,0.5813469649970935,0.27909105227073944,0.5351118479229457,0.3569080707122245,0.4898855910540805,0.3095171281899546,0.457617357182126,0.37964076411973835,0.48363981990813043,,,,,,,,,,,,,,,,,,,,,,,,,,,,,,,,,,,,,,,,,0.24446792512264146,0.44176823281541283,0.35960789424808376,0.4749462635829134,0.30190796899183137,0.4776434487113727,0.3692599859114369,0.4868279713714005,0.3267305794864965,0.47329834513323815,0.2847951938620715,0.4972037640483503,0.2760149831390455,0.516038234886611,0.34279826506130395,0.4635110723390043,0.30842419385517206,0.479414781481407,0.3714256656822825,0.4715170508333806,,,,,,,,,,,,,,,,,,,,,,,,,,,,,,,,,,,,,,,,,0.32093382346970256,0.5465781930780483,0.3787009568380539,0.5061905650501062,0.32799931057322773,0.4774683858919342,0.3896533294013269,0.48555431797197984,0.3488804415588146,0.543692421949442,0.42701684654510147,0.4853057451680421,0.28683264086945304,0.5486764732369752,0.3716404132680069,0.49446219681033116,0.3223901515531514,0.46338189971390537,0.38329323123913406,0.4811655596623342,,,,,,,,,,,,,,,,,,,,,,,,,,,,,,,,,,,,,,,,,0.22219042120299867,0.4491746091701142,0.33774997259693434,0.446881873548976,0.32489773918390497,0.4683545956908672,0.3765999744981032,0.4598800852346459,0.2692006770741767,0.44647948951738947,0.30078517830458223,0.4040429373921065,0.2193412421756237,0.49091380029057774,0.34110103190622193,0.45532929788623017,0.3248439412207487,0.47073865397075343,0.37508320274388557,0.459762578960156,,,,,,,,,,,,,,,,,,,,,,,,,,,,,,,,,,,,,,,,
hbase-0.94.0.csv,0.4004076216412926,0.5567890488289227,0.4724999487570271,0.6530374901645214,0.4258604589500136,0.5727543568040823,0.496304445561586,0.6209582255758722,0.4149254058297362,0.5845251237442624,0.5289595391889559,0.6347009052169816,0.3309297895989532,0.5643022016121747,0.46272529060532974,0.6380201256333129,0.4173021095217662,0.5527318265048732,0.465675257402046,0.6008611515573652,,,,,,,,,,,,,,,,,,,,,,,,,,,,,,,,,,,,,,,,,0.2472010344372938,0.5031037026964829,0.364977845199001,0.5802428815177627,0.38957897792174667,0.5617539084217554,0.385148694913199,0.6209140559732809,0.40071196856526564,0.5463541158736083,0.23175452831033325,0.5643531072216766,0.36739501617693604,0.550159916121345,0.37986261573966856,0.5476878108074426,0.36974077657327564,0.539497482892028,0.36501486424107576,0.5499930042814803,,,,,,,,,,,,,,,,,,,,,,,,,,,,,,,,,,,,,,,,,0.4112663354267882,0.5778275942645054,0.46839130276740976,0.6297800334966193,0.4244335209181756,0.5607751593969232,0.4889606774538306,0.6068236777557927,0.4266282261631505,0.6034321504507283,0.5387128471655717,0.6202265956407956,0.369544247108986,0.5953880007293852,0.48702976939072423,0.6118280424874696,0.42251526619618246,0.5509899604616915,0.4416814738880763,0.5920590353673743,,,,,,,,,,,,,,,,,,,,,,,,,,,,,,,,,,,,,,,,,0.22928635899474795,0.4407100756171191,0.3186121434835904,0.46821747682322945,0.40811159249451334,0.5402758796647162,0.3826134686331764,0.5034061273055407,0.33430569246379555,0.48205737642027985,0.3024583668881638,0.5053744930353715,0.2565398082125156,0.49686505762691696,0.3171328268646784,0.45442043857314013,0.371534575469547,0.5183651444366872,0.3956943397298016,0.5261739589191233,,,,,,,,,,,,,,,,,,,,,,,,,,,,,,,,,,,,,,,,
camel-1.4.0.csv,0.28118400588891695,0.47779308276828425,0.390788529849093,0.5033018063298628,0.3251873814861684,0.5177190337029469,0.40558452259734545,0.5092593898094553,0.34556975598046946,0.5105308467858446,0.42005691784660826,0.5594062187893865,0.26772596863296605,0.5211060368189283,0.3905074274725637,0.4948942346143616,0.32418952332551143,0.512502243935416,0.4052207901462089,0.5121708838108294,,,,,,,,,,,,,,,,,,,,,,,,,,,,,,,,,,,,,,,,,0.24515257638027413,0.43585144020603006,0.32520904234405235,0.4727982901415055,0.3337237287142937,0.5085641473931202,0.347587474541389,0.4909353366412744,0.294457436368314,0.4470842703055176,0.33751077013854675,0.5229259249863577,0.2832673951298186,0.5053723367824592,0.34134939446324336,0.4860990560478457,0.32895781015607684,0.5039538609169297,0.3929069991976003,0.5338431142363051,,,,,,,,,,,,,,,,,,,,,,,,,,,,,,,,,,,,,,,,,0.23992375517028694,0.4981581840491158,0.3576111353730485,0.5056288534928455,0.3315581879403943,0.5182677551236496,0.3776638654455515,0.47378149536476416,0.29918682777971106,0.47978578830537655,0.3807112603216053,0.5218354201671787,0.24647375230252103,0.5283753494388229,0.35176605503332037,0.5027131891599176,0.32922452509594125,0.5192384729640248,0.3826362696942085,0.4845552991572663,,,,,,,,,,,,,,,,,,,,,,,,,,,,,,,,,,,,,,,,,0.16826353465796398,0.41511644259440206,0.2858173046249938,0.43631146940146165,0.32242316719655995,0.5045180434687088,0.33100353423339307,0.4082028878710664,0.20628744447860503,0.37082349403737014,0.2810481057971394,0.4268444210305487,0.17826397182384063,0.4740992756262572,0.3049506107237962,0.4472342072444807,0.31181438271223194,0.5027289513148634,0.3584856950672667,0.4680953473784305,,,,,,,,,,,,,,,,,,,,,,,,,,,,,,,,,,,,,,,,
activemq-5.1.0.csv,0.23559162319046068,0.32913497344515136,0.2910969945275835,0.3887760186577603,0.31478968395708373,0.4266635554195189,0.29868543664888597,0.3030567476133172,0.2828411810817912,0.3707233548872156,0.3406912419466392,0.39479437193800876,0.23961594996657629,0.4583223689582734,0.2791151623288775,0.36412401158910107,0.3120038293503282,0.42615426149768715,0.29937721992453015,0.3418118418167685,,,,,,,,,,,,,,,,,,,,,,,,,,,,,,,,,,,,,,,,,0.21524201136283022,0.3031167166398217,0.2517440579184073,0.3337296328840446,0.32536650871467315,0.4249484660980956,0.2966399264039369,0.3352778895433816,0.24909207835038946,0.30999022178323365,0.314235754367457,0.3743356802310745,0.2353017693650203,0.4116250663715422,0.26925918713456787,0.33657895599955245,0.30371503454616877,0.40880890875632825,0.3131492655517254,0.39414565228620807,,,,,,,,,,,,,,,,,,,,,,,,,,,,,,,,,,,,,,,,,0.27138225295847646,0.38190207588409947,0.2670177066481156,0.3838914206067259,0.3251251770190009,0.43944621225438885,0.2845320539697636,0.2784714299293369,0.25049608493699543,0.37563910849729587,0.34696764767287064,0.3914988252975375,0.21553075598519716,0.4432602145725145,0.27961113188633,0.3755145331117631,0.31246713619064176,0.43372960931282506,0.2909349395715999,0.3209882593759039,,,,,,,,,,,,,,,,,,,,,,,,,,,,,,,,,,,,,,,,,0.1985638648034039,0.2823535946535053,0.2523504612702209,0.3292450827549851,0.32131323090873987,0.43261016233765814,0.26131075708925117,0.28581305198327234,0.23703969594764523,0.3199809958659225,0.3163808753578625,0.3636007210094154,0.20646701314065308,0.4264962762268578,0.26425310678761965,0.2887079303174847,0.31488619693666997,0.4244262667907431,0.29549685611741855,0.330231057941725,,,,,,,,,,,,,,,,,,,,,,,,,,,,,,,,,,,,,,,,
activemq-5.0.0.csv,0.4792490218780056,0.5953265394676788,0.5464906793268794,0.6184199099669011,0.4595325232748915,0.6030448252368105,0.517077715069896,0.6229788266939975,0.4191598610691514,0.5459469806197482,0.6022107681520921,0.7213811687579766,0.4152099980811137,0.5885433193864013,0.49590712421148153,0.6169584574713681,0.4549867189042406,0.5997424369172939,0.43148575743649054,0.58765743624065,,,,,,,,,,,,,,,,,,,,,,,,,,,,,,,,,,,,,,,,,0.31069977984720554,0.4861285123901525,0.4512535233032375,0.568790537802614,0.4713979503154641,0.5950374984633547,0.461610312079701,0.5740023272411204,0.3519252360190576,0.4589007256730586,0.3173374484711882,0.6096258497792009,0.35125722238744267,0.5218519320979876,0.41437094484588705,0.5322235449736492,0.41994266367913935,0.5375455647839117,0.4297171292826368,0.5563485210157821,,,,,,,,,,,,,,,,,,,,,,,,,,,,,,,,,,,,,,,,,0.46108502858118444,0.5842652606868386,0.5407462146857287,0.62123381103966,0.4522657883377811,0.603038994607572,0.5099274843207601,0.6050787175907344,0.39852758196245447,0.5446720900951035,0.6075017700636096,0.7092049770952014,0.40702928228141644,0.5858965922766493,0.49750420319516253,0.6261700606959889,0.45666119793000237,0.5984605618033421,0.43543010778328467,0.5798961273996928,,,,,,,,,,,,,,,,,,,,,,,,,,,,,,,,,,,,,,,,,0.27935485264931076,0.41042786903593104,0.40885279588458495,0.5230409207357922,0.4452745561962759,0.5784463230547605,0.43159429551332557,0.5173762162081981,0.33083153949092337,0.43096465008036344,0.2860408924374356,0.5308524937131064,0.3010723117347052,0.4984575788638391,0.3976600841162093,0.5081028658785407,0.4284308808740549,0.5469874399034118,0.4060662912730871,0.5417955679478009,,,,,,,,,,,,,,,,,,,,,,,,,,,,,,,,,,,,,,,,
derby-10.5.1.1.csv,0.2900921873719377,0.4404184696940561,0.370282647093626,0.5339417946108417,0.35888581280571374,0.5104503838731186,0.39146772928033213,0.47606426835982496,0.30913606097844437,0.4646397415015808,0.43497571344763897,0.5251457109751688,0.24120886067865474,0.47947703152033233,0.3750502067333442,0.526291983508961,0.3696258268813714,0.5088630845895223,,,,,,,,,,,,,,,,,,,,,,,,,,,,,,,,,,,,,,,,,,,0.24777752989240398,0.36842192319049344,0.3472252717317979,0.4624279880472557,0.3695800246092314,0.5028797370735978,0.3620257532106511,0.4448384131504726,0.30354053889010174,0.4047426977498874,0.30676538289752286,0.4668023026914268,0.254700866642926,0.4600431839494806,0.3295387224555323,0.43992860934012534,0.38130807309972886,0.5061342504544628,,,,,,,,,,,,,,,,,,,,,,,,,,,,,,,,,,,,,,,,,,,0.28811472457976406,0.44926624221393274,0.3719163965017532,0.5321482237901154,0.36013745449185874,0.5118148413293706,0.38865407939557983,0.47423256778890893,0.3129478282991784,0.4612051999544836,0.4318230066064862,0.5231743757036081,0.2566734564601647,0.493111334246452,0.37250852436266835,0.5292356773532396,0.36876970198042136,0.5131515140019594,,,,,,,,,,,,,,,,,,,,,,,,,,,,,,,,,,,,,,,,,,,0.2295359174668613,0.371980976299701,0.3299571551422549,0.44529650390195746,0.3765740015282891,0.5077112648507796,0.3248941210736148,0.40984485271125815,0.28338490854676446,0.39415067216892735,0.3025224343783745,0.442270466001956,0.23180164784882087,0.45923593801027457,0.31476575302407794,0.42940122596394276,0.38544899146647843,0.506785804469067,,,,,,,,,,,,,,,,,,,,,,,,,,,,,,,,,,,,,,,,,,
wicket-1.3.0-beta2.csv,0.23663268712729607,0.3293822253785683,0.2919662583891347,0.3370386002695361,0.3220386014622983,0.4163728008606785,0.3317088480557379,0.30776645992694474,0.2713275303056454,0.35234203944244036,0.2980742915714161,0.3338791373309123,0.20187137657872484,0.4200774516698009,0.29010722492836993,0.3334542732891461,0.31218396648607655,0.39784515628132594,,,,,,,,,,,,,,,,,,,,,,,,,,,,,,,,,,,,,,,,,,,0.18545342751573388,0.2632849036074414,0.2951114395208535,0.324439362889121,0.31190442466943824,0.4024487276315217,0.31734886334631646,0.3333581653323529,0.27409434176293423,0.3450327137510364,0.27715696029245285,0.33961181077025193,0.26644961057283434,0.43521207674720885,0.31372070674998165,0.33591203497192135,0.29179831621427843,0.38668376442149593,,,,,,,,,,,,,,,,,,,,,,,,,,,,,,,,,,,,,,,,,,,0.19776953722754917,0.3669434357975694,0.2598786022175703,0.3228000495154745,0.3011153538266105,0.4247202583259834,0.2815592963551419,0.2532451268059311,0.22798219539263706,0.3627621037285348,0.2891273383685211,0.2811574879454552,0.17552639612008633,0.43176383164538684,0.24543775459973072,0.33200670653804204,0.30852136776685596,0.4198476474659938,,,,,,,,,,,,,,,,,,,,,,,,,,,,,,,,,,,,,,,,,,,0.1597699738928975,0.31882830183951266,0.2276924113078727,0.2846902096446962,0.3106452378870139,0.41405246333649454,0.26167767914717,0.22805515140172672,0.18329377073509054,0.33165261146519376,0.2656917951888137,0.2706437604155865,0.15764470570130368,0.41250431379353036,0.22142441173120617,0.29692046738129635,0.30807864028302095,0.41453391065083706,,,,,,,,,,,,,,,,,,,,,,,,,,,,,,,,,,,,,,,,,,
hive-0.12.0.csv,0.33406268165956254,0.4113407507787165,0.3263656399669081,0.3544143696555877,0.26743472903318666,0.23345707779366942,0.3385711378727543,0.364156895935432,0.3353239728812975,0.44978757734110936,0.44321570867540183,0.5413835171010839,0.2592524399584663,0.46889144911259883,0.30113199953730774,0.2839209243586659,0.270302468578909,0.23404821631503148,,,,,,,,,,,,,,,,,,,,,,,,,,,,,,,,,,,,,,,,,,,0.09062821208565998,0.23417084455529927,0.14163682913775996,0.19652177541095053,0.2181197289451922,0.22052567826733133,0.11622546447428084,0.2421932739159498,0.17764658619182552,0.22179437368224508,0.06540235403001401,0.21724643400684893,0.16717037545684468,0.34662663646215036,0.18044822839149957,0.18569026059523744,0.13984132530375673,0.2682637543861626,,,,,,,,,,,,,,,,,,,,,,,,,,,,,,,,,,,,,,,,,,,0.320801548052769,0.4055994630266677,0.33317630551476285,0.35014413004922956,0.2613385523358309,0.23124869441761803,0.3296516197851098,0.35347986779734697,0.31761932375723595,0.43291920184679816,0.4488784365745039,0.5240752514946918,0.24734196834513805,0.4712547306213227,0.3053331184531836,0.29465981927467316,0.2486875176567266,0.22750764008575242,,,,,,,,,,,,,,,,,,,,,,,,,,,,,,,,,,,,,,,,,,,0.059056064150511255,0.151859482049858,0.13832198455357653,0.16626655034897833,0.18025938472864966,0.20745865534983107,0.14518856034544347,0.1596890182918182,0.13119520512267713,0.17688033641033865,0.04998993998381543,0.16516008196355741,0.09015004287423414,0.34803543433971174,0.14625226408232192,0.1448983101903556,0.1725088524793967,0.21664998766311347,,,,,,,,,,,,,,,,,,,,,,,,,,,,,,,,,,,,,,,,,,
hive-0.9.0.csv,0.5121918731559607,0.6513105276458336,0.4942699458724589,0.6449406024118646,0.4418326869877513,0.6258425694627753,0.5050764224116812,0.6228019916484586,0.46831013231450674,0.6664296585320726,0.61038920586894,0.775910233079726,0.45853978402969076,0.6377406297991436,0.48385676408333156,0.6277219639856262,0.43401717545277074,0.6255368473986165,,,,,,,,,,,,,,,,,,,,,,,,,,,,,,,,,,,,,,,,,,,0.24189383850823223,0.49016423453223773,0.3572922591206374,0.5284390412619513,0.47487061196732727,0.6007061675144318,0.3927966005117402,0.5567708452458008,0.3192267721163983,0.4868981312492102,0.2768077496452257,0.523160219973368,0.3614192226915411,0.5464741730189278,0.3899492367804458,0.5525355551401121,0.46879804313440315,0.6057578794076762,,,,,,,,,,,,,,,,,,,,,,,,,,,,,,,,,,,,,,,,,,,0.5094218558756514,0.6501204807707215,0.4984959566264543,0.6495326069326854,0.43787376157719815,0.6240155535576153,0.49565838385585737,0.6130592328966195,0.45800095942366875,0.6626906824757332,0.6169868020374953,0.7742928176288763,0.4541092623379071,0.6354938565164163,0.47101473956493534,0.6222603501822064,0.4455613414922204,0.6248687139801027,,,,,,,,,,,,,,,,,,,,,,,,,,,,,,,,,,,,,,,,,,,0.2293899540680654,0.45086963689330156,0.376804969526476,0.524005887961016,0.4603427886387028,0.6034515397917248,0.38246914914927216,0.5220185529692162,0.3017984371819253,0.45897239663984607,0.28309043023029573,0.5195054552568119,0.3673718994985864,0.5502092679390271,0.38827658200916315,0.5336951187621071,0.4467237119257621,0.6004231542403249,,,,,,,,,,,,,,,,,,,,,,,,,,,,,,,,,,,,,,,,,,
