imb,smote,smote,smote,smote,smote,smote,smote,smote,smote,smote,smote,smote,rus,rus,rus,rus,rus,rus,rus,rus,rus,rus,rus,rus,wilson,wilson,wilson,wilson,wilson,wilson,wilson,wilson,wilson,wilson,wilson,wilson,tomek,tomek,tomek,tomek,tomek,tomek,tomek,tomek,tomek,tomek,tomek,tomek,None,None,None,None,None,None,None,None,None,None,None,None,Spyder,Spyder,Spyder,Spyder
clf,dt,dt,lr,lr,nb,nb,svm,svm,knn,knn,rf,rf,dt,dt,lr,lr,nb,nb,svm,svm,knn,knn,rf,rf,dt,dt,lr,lr,nb,nb,svm,svm,knn,knn,rf,rf,dt,dt,lr,lr,nb,nb,svm,svm,knn,knn,rf,rf,dt,dt,lr,lr,nb,nb,svm,svm,knn,knn,rf,rf,BagNB,BagNB,BagDT,BagDT
metric,matthews_corrcoef,pr_rec_score,matthews_corrcoef,pr_rec_score,matthews_corrcoef,pr_rec_score,matthews_corrcoef,pr_rec_score,matthews_corrcoef,pr_rec_score,matthews_corrcoef,pr_rec_score,matthews_corrcoef,pr_rec_score,matthews_corrcoef,pr_rec_score,matthews_corrcoef,pr_rec_score,matthews_corrcoef,pr_rec_score,matthews_corrcoef,pr_rec_score,matthews_corrcoef,pr_rec_score,matthews_corrcoef,pr_rec_score,matthews_corrcoef,pr_rec_score,matthews_corrcoef,pr_rec_score,matthews_corrcoef,pr_rec_score,matthews_corrcoef,pr_rec_score,matthews_corrcoef,pr_rec_score,matthews_corrcoef,pr_rec_score,matthews_corrcoef,pr_rec_score,matthews_corrcoef,pr_rec_score,matthews_corrcoef,pr_rec_score,matthews_corrcoef,pr_rec_score,matthews_corrcoef,pr_rec_score,matthews_corrcoef,pr_rec_score,matthews_corrcoef,pr_rec_score,matthews_corrcoef,pr_rec_score,matthews_corrcoef,pr_rec_score,matthews_corrcoef,pr_rec_score,matthews_corrcoef,pr_rec_score,matthews_corrcoef,pr_rec_score,matthews_corrcoef,pr_rec_score
activemq-5.8.0.csv,0.1855249021437856,0.265549076502885,0.2551039219723159,0.3034761527113041,0.284206846277258,0.402399991013474,0.2461137819311391,0.1978820661783364,0.20534352057368785,0.2943656385174154,0.268234525670158,0.2823375489814443,0.2336966678893393,0.4689017780521979,0.2583206708207882,0.3090513140397492,0.27084200880288617,0.4565861497773354,0.251452753448682,0.2392608137321136,0.2388156425323479,0.41060035990955657,0.2553798659212206,0.3258501739658771,0.2329370868964781,0.30176356889970785,0.2769689031384712,0.31481495403189713,0.2960485908130103,0.4005639100692182,0.3008827799835712,0.2939565243275706,0.2657187243057033,0.31418755626130224,0.2707866642916199,0.330309469285542,0.25755096230770885,0.3896392927645408,0.2573296280683223,0.3435233612652865,0.3037211379291939,0.3509058723414498,0.2637000923317074,0.21923906214955294,0.23780666935543998,0.382058405598833,0.28327452730324576,0.34010975050638115,0.2641573884204889,0.4089914663212464,0.25452354739731364,0.3323199892282952,0.3066266947086964,0.34610998577421925,0.2545524546789217,0.20773042349937346,0.22040757324738672,0.3893004629558305,0.2756872705931875,0.33597631017209906,0.31023774772499396,0.32767762055004923,0.25267802376254633,0.33423250235589763
groovy-1_6_BETA_1.csv,0.3400866382306629,0.4669779771773564,0.3413874262807757,0.36718678829088175,0.2637767641923673,0.4047130440135364,0.3697805166862772,0.36891588186526825,0.3053195517279668,0.4861014343197788,0.422805984042912,0.462367971553017,0.3107729450715451,0.5159558232475032,0.3432049473449325,0.3902521319733507,0.2568837942682742,0.4116608176452799,0.3647684662122784,0.3704906900320116,0.3447199771077669,0.5040279663379331,0.3474263753134231,0.4718524258273012,0.3933506732889404,0.5091109386540728,0.43094466877320897,0.39653431479672063,0.28571232635305305,0.4123078219257311,0.31554535028625824,0.38797941015102055,0.3928523318634348,0.5067905341773798,0.4396183864247796,0.4752456548647388,0.41548805423828505,0.4969874765861891,0.3037889562562411,0.4132451468041346,0.2690991356591418,0.4101014862950015,0.3762667061725382,0.3948488591068752,0.4139513565680101,0.44288006115634215,0.42769724052027663,0.47136823938774497,0.4022811151515978,0.482511665845945,0.30223650025060833,0.3962606907732777,0.2693036256287175,0.4191447333405233,0.372802884784148,0.39524878621031656,0.3964045472751184,0.4476979618845829,0.4406094452224692,0.4732837646664989,0.26110261890232594,0.3758536742745346,0.4034523246337779,0.4569030390406995
activemq-5.3.0.csv,0.31248799407713873,0.4154797022580279,0.3748475557447801,0.4678145546389543,0.34263964220689536,0.4566480130510623,0.3708255381170793,0.42916602883836896,0.3491062373700934,0.4303148093421911,0.3713958641615729,0.469190834513445,0.29557234359752355,0.484586235594644,0.330580892344296,0.4572913107329802,0.3200561047839382,0.4853565109026844,0.3164160200017853,0.4223131191868515,0.3231088060606153,0.4660391623866121,0.2985301187742323,0.4122469337931373,0.3599800252295367,0.4655213521777395,0.3830426076744341,0.473903965317955,0.3272027081642441,0.4506561119916606,0.38558052113296776,0.4501899958557733,0.3668585714663072,0.4724088644374851,0.3702913969534029,0.4604722420382642,0.2678806681431481,0.4705245021754357,0.2930192950538406,0.4343858477094756,0.3608093161066169,0.4362479811036967,0.3038489322516361,0.3279120600661274,0.28940900189105995,0.4988289232589986,0.26920297428367074,0.4568530045545298,0.2553871063106762,0.4805663567628273,0.26580206073990725,0.428870698154426,0.3352492815965568,0.3989989599779869,0.2838151331990027,0.3074265158450871,0.2470566464820025,0.5103584710471367,0.2492491293967179,0.4512161905001964,0.33796225887008496,0.40584114025372175,0.2475723647006647,0.4637249104885337
wicket-1.3.0-incubating-beta-1.csv,0.2459822933267189,0.4145580058935108,0.27600771630157744,0.40917815001508784,0.3090339037221363,0.4563838267809107,0.28322451397821186,0.2846214614512487,0.22471628869783505,0.4295237273336868,0.2970832367517167,0.31060284035521746,0.2663203216926617,0.4960624757059179,0.2780063734733904,0.3844281144119067,0.3041418752253468,0.4847450721673379,0.2860633041098498,0.2763587918199369,0.274531621774959,0.4540467542085762,0.2907260953828402,0.3948549346998864,0.29639210387509024,0.4733972975358123,0.3210704385131234,0.3957547083336923,0.31226364991684874,0.4828808474154465,0.30946436688383194,0.2646693892424545,0.30425830471594684,0.4351748217544905,0.2947419543320937,0.4027282071278234,0.3181885830372385,0.4120500033698103,0.3502860384005839,0.4083063541116638,0.3133658031080827,0.4551804459429434,0.3326671505300925,0.3502859694227468,0.3011142662900273,0.3537703256563003,0.32528933427004963,0.31117161680294386,0.2927611695913161,0.3761520247101604,0.34023340713145805,0.39965045840827496,0.3229474341824791,0.4448382501137325,0.30116338695715866,0.3519192249357676,0.2960338739918765,0.34318163471805363,0.29440423462504584,0.31299941814769083,0.3173815424215177,0.4217157391027301,0.2764678058691458,0.3075475666115796
jruby-1.1.csv,0.3962924117981049,0.5575908760410029,0.3978178202352325,0.5619372323024129,0.3885800095419027,0.6072772771866333,0.4286560647643306,0.4554231768047244,0.3596126279335124,0.5911460506806563,0.4333951274050463,0.5555374301450682,0.3751188715748422,0.5740562117125476,0.3946123251096282,0.6101273830585864,0.388121409929247,0.5821342509809839,0.41333872929338106,0.4785079887025557,0.3569651364301217,0.6043035048733859,0.42188137411031823,0.5945699182042504,0.3811302731870701,0.5758086776305377,0.417085559970782,0.6355781130633316,0.37374616668528987,0.5728704054421866,0.41613667368048746,0.4581597949620938,0.38333342776959495,0.5988017363272222,0.4168307432846328,0.6337115121461235,0.498884611604997,0.5999506914202016,0.4927807047202613,0.6129736364674543,0.43807635621139535,0.6292821894889395,0.561662123725605,0.6152918915562848,0.5434179834031312,0.6480378006421229,0.5663644846905239,0.6548194963288096,0.5121025440183612,0.6075998191297209,0.5088972379642843,0.6074137626717602,0.4604256123209807,0.6288635459855674,0.5766176786306392,0.6230738643115842,0.5401141272425428,0.6349883782263108,0.5685385635099511,0.6577108875425179,0.464641934415435,0.6271269692505663,0.5464654259395421,0.6449312450295028
jruby-1.4.0.csv,0.3569258653165404,0.5391618774195024,0.3756353227312406,0.5809623827154865,0.4406436626995979,0.5931427024524847,0.3773823414169116,0.5365617868973249,0.33237117669033034,0.5437843821550365,0.4281106929603032,0.6003936649382571,0.3122242647647373,0.5522404585505738,0.3568069397512316,0.552537647930513,0.4143643097392337,0.5990093584891364,0.3774103453998529,0.502880219158642,0.3459623877585018,0.5632927603820755,0.35415567793296704,0.5787907548700556,0.3454450067311801,0.5614886438938271,0.3838818916910774,0.5723043285783935,0.4017188647143311,0.5987942805783498,0.3880850976130717,0.5339051245935097,0.3562712108570247,0.5659726124965377,0.3725573728768737,0.5949470811895575,0.41847393770468855,0.5665347987060594,0.4640556632359432,0.5898829881085388,0.4540297787160543,0.5938946009401191,0.4496770632318784,0.5429507110122441,0.4415355203809705,0.5869701328719522,0.4293251330236542,0.5857123216825572,0.38118673752917054,0.5396971399206653,0.4669948850992213,0.5820554564815804,0.4488633099157094,0.5982230476875244,0.4425215620462051,0.5276771511708788,0.43455559954502576,0.5757950266018942,0.4331156057678562,0.5787386058102798,0.4569231574746357,0.6030829962392875,0.4212424384654228,0.5805660354428724
lucene-2.3.0.csv,0.481935609363816,0.6576265206215184,0.4895085056189504,0.6729479820080868,0.4647599764639885,0.6155843313994162,0.5285159218547455,0.6982740063318543,0.4813106679257999,0.6745213403489128,0.6069213582056693,0.7554389138757421,0.4089653769135549,0.6280593560808855,0.5053576159353872,0.672506701113658,0.4246385476234327,0.6030321111380594,0.5117959054376715,0.6834994603588835,0.5231073560858663,0.7108678629164721,0.4937408275910442,0.6739230109005888,0.5310454290020812,0.693842929630203,0.5659301689684192,0.7194724167049579,0.4448085034495949,0.6169939505171672,0.5742824734681963,0.7218080450035059,0.5813414551043378,0.747131577397867,0.5742982294067497,0.7314712020651222,0.544564702429507,0.7100601966299291,0.5429249813036311,0.7428696679739604,0.4542172659408822,0.6395293560840534,0.5185604409516926,0.7447690248648066,0.5322155875646768,0.7289862571476285,0.5177782414152385,0.7665282606430799,0.4837894405426604,0.67351326867859,0.4960225525492997,0.7283948316045694,0.4393529866795153,0.6308345170100946,0.4628240408574672,0.7219211623952966,0.4669267201908775,0.7119645631663581,0.4803875736759634,0.7398734947943578,0.4639199588997928,0.6499676442722541,0.4639884510725879,0.7356138083116117
hbase-0.95.2.csv,0.1671051070726841,0.4458569155268066,0.17415899427843726,0.4189351798874587,0.3107767931605393,0.5157947610957784,0.19674133283002232,0.4241693595931277,0.16894651279570744,0.4176645958842128,0.2293304613565933,0.4779618601581624,0.20963660290709732,0.5235748538695922,0.2598488407989903,0.4515806175215058,0.3215227284038372,0.5313787386926127,0.2819720471616375,0.47891247256896,0.22563488639068305,0.4964921887455563,0.2664200112202897,0.4963901056490875,0.22167931061179705,0.550905861810443,0.23401702491284515,0.5492976134419979,0.24771616805155705,0.5104156262384718,0.24878982699512694,0.4485056611793001,0.23625969935483504,0.5526424643696051,0.236511792071514,0.5209653409451761,0.19300491721463411,0.6163102826563629,0.16000038550119533,0.5576710828323254,0.22703237651113425,0.4987337738092295,0.1776291695347569,0.3132741122827792,0.16472335475614364,0.5686439481985934,0.1805044849281741,0.4990698768919626,0.17909439093693827,0.6311701673742718,0.14121299361525755,0.5426212447852192,0.21390176167855565,0.4975228799908993,0.1700226951771,0.308375005693505,0.15771455741498844,0.594310919712183,0.15943217084842234,0.4918029258423901,0.21914690228030695,0.4996291849374305,0.16096623253197578,0.5246924279426061
lucene-3.0.0.csv,0.22868425100281306,0.3849923464641215,0.33075935959134484,0.3631926319425435,0.295510288843839,0.31317063810665524,0.3538653620730251,0.3550171839588359,0.2626150381863618,0.3804710235863699,0.24912442417804706,0.2941767528362187,0.3017501835997577,0.5105930347796499,0.3462124185209505,0.3670336805116737,0.2970698158158085,0.36043908213769177,0.34798387520606383,0.33193265060044364,0.2871486597831873,0.4198603165410795,0.34806851656909393,0.3300242395121538,0.3173096317572987,0.4686889088496124,0.34121671029801115,0.3578193538762158,0.30610496258256625,0.3696951770824514,0.3222305365849216,0.3170437802560788,0.2997691858031924,0.3668149654687991,0.33532074626922825,0.32543269962404786,0.183134892009193,0.31244705349353225,0.18144143138322846,0.28803862993687424,0.27880965941011704,0.3255954793794143,0.1679803124991537,0.2407857191705071,0.11852547340206568,0.2485538095504924,0.12388570644042587,0.2668065548582184,0.17702773343747033,0.30660358097266377,0.1701637722832457,0.27546759385288216,0.2733442619369341,0.3317729189899317,0.13232498206043608,0.23027272740158866,0.09897806023960466,0.2424290410160765,0.09370767707254847,0.2590762276764048,0.2879515328001573,0.27522076422332353,0.11092165005082424,0.2408423541963935
camel-2.9.0.csv,0.17065517400994426,0.16863852474954505,0.18472617672288968,0.2044705610123984,0.22395546081807127,0.3618209235100048,0.18867589234566934,0.14211822587617784,0.1820004488575137,0.2425418657836333,0.2243244289719149,0.1757428750558754,0.16494153328946187,0.3914902348413288,0.19592535984342505,0.20468005572141454,0.2164802747390797,0.3869261456100017,0.20874612490673786,0.17912797266231426,0.22351965878396607,0.3575074180350541,0.19905786321316485,0.3059565055155643,0.23059016064017104,0.2683954802379737,0.26492810372624304,0.2588723389576329,0.29423723567946675,0.3322416002557979,0.2596417235814717,0.2118232357834861,0.2591459463968302,0.28052948496285696,0.2445215918486591,0.24649627775088506,0.1775213947170996,0.3380337381898487,0.17507076401953425,0.2494921906135389,0.2531472051060513,0.2593227631453938,0.14844127379280322,0.11184458969745008,0.1260796566558981,0.3064325885542876,0.12462541900643345,0.2428844909563412,0.17848911484074756,0.40074395102197535,0.14356287583836885,0.23998915362116666,0.23292748144414355,0.2612011963454213,0.09863008881821808,0.107126024694064,0.11093659422463416,0.3113293281161318,0.10750383308319104,0.2473141959170401,0.21015792112323148,0.22201290965813936,0.11372062896164052,0.2913164549200996
wicket-1.5.3.csv,0.11643356688330525,0.16309313512775525,0.16274507584955866,0.15093782122519514,0.213155680657249,0.3300248196195611,0.15250205541874182,0.133215506920386,0.13647878735278926,0.20213491987632395,0.13587721312923567,0.13595410323287982,0.22023681370419973,0.4596054770580549,0.21654354515088808,0.1903560280971548,0.21569940416948674,0.4272845545207917,0.22117137374757195,0.15802454805508012,0.21602274028688093,0.3758105206474965,0.21992283606974009,0.3164998904938593,0.14019620110723902,0.2024665850724824,0.1296156661324964,0.21293369654251584,0.2079403891665922,0.2529584351902486,0.1417741852284836,0.13063168392110336,0.12273840948451732,0.19939464525259096,0.12535109938361344,0.1988097834442222,0.10569169905188656,0.33131318173417595,0.1238114393238436,0.22171664734534,0.09001789997209304,0.16863963939481635,0.08969148184488819,0.08785014475968123,0.11393284861560506,0.2259316432175369,0.11182675841838252,0.1927272955456812,0.10091252619438043,0.3039724197446197,0.10421640717374367,0.22016154373496652,0.03732902832621753,0.2934316013045109,0.0789765165807364,0.08597940423537777,0.07702985060306143,0.2658092859739753,0.12001530864531122,0.17903527965722166,-0.006281989778703816,0.137163782723139,0.09447237834742682,0.17099199428610987
lucene-3.1.csv,0.15756299591524198,0.2852324441734689,0.1634153260351036,0.2331135477175344,0.18379934844629509,0.270358822396125,0.15845901349224406,0.13483653507484114,0.1491971366917177,0.2840191650829564,0.19746699953772132,0.15508316576692804,0.1541924405280711,0.36710350728902746,0.1694200994229976,0.2193138554039997,0.19058159814884068,0.29755499023194576,0.15995521800713142,0.13914864502344124,0.1621369647010351,0.3176547814236339,0.15599993206212948,0.2428670654879279,0.17499358954418145,0.307195797929387,0.1997944098753167,0.22807461919252794,0.19210413076038013,0.2787133958308286,0.18903425990789494,0.17434670446352324,0.1731632839486608,0.2473826845790077,0.18794055135705026,0.18532381462975148,0.1604527396577592,0.2263509798060533,0.18536540437308904,0.20939890771596345,0.17517689609326936,0.26421940423642803,0.16483280408965748,0.1778265528091808,0.14829575776124787,0.16079408463641048,0.1962735857053534,0.18413838152620124,0.17047117535410214,0.2292667618258644,0.18659976478438797,0.21082926690576229,0.17797867400079018,0.25644350435187085,0.16643417041169212,0.17943608287802096,0.14746745278612827,0.15153408798749174,0.1939706001545723,0.18705674465722272,0.1825495457964633,0.2301785135487649,0.18475102454046274,0.1853828831754307
groovy-1_6_BETA_2.csv,0.2678232922863214,0.3915793686522033,0.2723829334995802,0.3260267580175841,0.2538462803501071,0.3747965665660841,0.30675929431973337,0.30373174931090463,0.3312401176898122,0.4739364263670061,0.3792161502139058,0.4528700818908855,0.24409636975292,0.4626466613264822,0.27268117002328035,0.35627520627489884,0.22986994254587695,0.411510878975929,0.2747728399114921,0.2947101542083197,0.2861431298466145,0.4348041658020236,0.2757218088015412,0.4015734831945238,0.32260766380822475,0.42546811689246977,0.36085586684408943,0.3801131685819481,0.2940070201951903,0.38919410389485376,0.3144333834478899,0.2964446300006793,0.3958819262012784,0.4259603002851877,0.3673962614864533,0.3871679838528949,0.35693572076451296,0.4448665881984079,0.2474155633960367,0.3894952382183021,0.27203234961255485,0.37280351404776063,0.2390556065389988,0.3129548687865981,0.35394730111816136,0.4063781615717235,0.3386967748442157,0.3988612638946396,0.3465564047845263,0.4306107003664332,0.27452984034755146,0.40353739893726825,0.2775961224841225,0.3652609352480553,0.2440968781912569,0.3185418094034096,0.3465093139444365,0.40277884167656397,0.3474039380935057,0.40363376356740255,0.2760932021730077,0.38063299624171537,0.37199277364022026,0.4277243255197397
activemq-5.2.0.csv,0.2808323999727812,0.3957366244288017,0.3583997438963302,0.44382132539103575,0.3830384178521025,0.5477690508840629,0.41948391438515,0.4955783305560538,0.29533268821757586,0.4046704850849993,0.3749560980730779,0.4959198267192696,0.2718650272339625,0.4926277937146397,0.3542522112334697,0.4861764073225177,0.3860349939566949,0.5611492971993175,0.3541421355328484,0.4881463398507848,0.28778217268011896,0.4590491116527658,0.3122885399152417,0.4298950315070048,0.31102612826543435,0.4174233277872179,0.404021517492202,0.4868569155329575,0.39853962597986936,0.5477807991749559,0.39388283898638937,0.4705166134308276,0.3282648923753761,0.4287403720645589,0.3388052602667329,0.4421386279504867,0.2524337918138804,0.41230231896945374,0.3043740308027019,0.4503960497943,0.4010097421179781,0.5019005844908282,0.2941242037421429,0.3295046962769787,0.28493502930789605,0.4281808162524756,0.22996588415726216,0.3862717986611074,0.231984664799192,0.3944904919654093,0.2808413350140239,0.4293485509690724,0.4035275012534288,0.4931361584594513,0.2693442822647645,0.30486250473247833,0.244404354003266,0.4013192622808789,0.2057774036064848,0.3753480551808753,0.3781551622159491,0.43680350374310617,0.20535038889222035,0.4002235750571789
groovy-1_5_7.csv,0.2695624932834899,0.4095947477363398,0.2129305410306446,0.4507872015929402,0.2395707541698022,0.4577962354410141,0.21937334637481493,0.2760577835116615,0.17582062426501607,0.42306285264728216,0.33955068930808985,0.3842399484091857,0.18069562461901587,0.4377020450407258,0.19811292829974447,0.4297286110280305,0.21083103076233745,0.4537418707290503,0.22059172498615728,0.27420326517522303,0.2318597178195848,0.4632029887998687,0.21014641976156992,0.4027284304934288,0.3040069289949835,0.42700129513742896,0.3680182507271365,0.4921858985822857,0.2688512851642945,0.464812283642303,0.369445619636176,0.4230060991057663,0.4105754197920269,0.4678051753046776,0.3625432181970742,0.4140892993366909,0.3577142784583935,0.4210803100891982,0.4438332003308848,0.5200050915989454,0.3324655386648784,0.471856149142415,0.4457598824948044,0.4593933415126009,0.4931428208560231,0.5246578803762001,0.4353460096987882,0.4898601216242795,0.3658992904785128,0.4174213818209984,0.4280169156306868,0.5333376956212185,0.3412716135847533,0.4768150880667449,0.4549676168069785,0.4714514145826541,0.4715267789238525,0.4938016957019943,0.4213743288840488,0.4784973962409975,0.3584565368342746,0.4339369761514617,0.4240320123276843,0.4151109105918749
hbase-0.95.0.csv,0.13400897485557214,0.3811452273540468,0.1966193276262183,0.40488248213029865,0.2626641386563054,0.4521395122515741,0.1907764621347054,0.3865534654718579,0.1280430822687387,0.3603814948973991,0.2078649609015789,0.3971004216666069,0.2269616240700911,0.5047938753955976,0.2738625648640041,0.4672371966063064,0.2761785160655527,0.480637434059742,0.28207084035206065,0.4646174497719619,0.2564278247637192,0.4676910577771414,0.2600211551768135,0.4522369855436402,0.1955654340085852,0.5633928997318207,0.2266996355769365,0.505646116984067,0.21843395194247545,0.4373694308516521,0.20125829179432853,0.3669718032837981,0.17811428943138238,0.5463956037672305,0.18202060617882795,0.471329733345994,0.14712561585744405,0.5780646617300674,0.13659686705829036,0.5041712175883614,0.20543460959961926,0.3955849557986048,0.16344863218571018,0.32059160226370315,0.1440327089006487,0.5573880488005439,0.1335170398687953,0.4736436267292008,0.12689664386513122,0.6187746798662235,0.123727078853944,0.5071246671176712,0.1937452084153148,0.40175466941169097,0.1394180258769354,0.29202765670180136,0.12248015282606972,0.5468097425274407,0.10829463771544737,0.4641577682588954,0.18018723246385174,0.4296561342935828,0.1154666662151935,0.4952057936104246
camel-2.11.0.csv,0.22605146706049745,0.17913952949199552,0.16879484908447992,0.13959204339382475,0.17682733517816945,0.2667441895720257,0.17707869999889753,0.13031424983187642,0.17520564255606047,0.2475254145316821,0.2971611657542437,0.2807805691118485,0.1528681521745423,0.4115155823985556,0.15873267725552978,0.1342705980567548,0.15143790786116154,0.33016259615679416,0.16298542061650767,0.13524538082972634,0.17592840838209384,0.352555574361542,0.18012690337117376,0.2462430372791275,0.18703748649661653,0.23469791210862145,0.1157514337882025,0.16725063915743668,0.19742174635313173,0.2554590868383883,0.18581200655600447,0.14361623100511334,0.16206018749904902,0.2036633350679153,0.18129271989742474,0.1895159621588722,0.07603560433279784,0.21389697789129475,0.0348809986769083,0.13090367841013145,0.14734471804506735,0.1802231657864357,0.03712805932345152,0.08748236686999937,0.05499552976861277,0.1997576046472372,0.07607799997582716,0.1334452765892689,0.08799156193292806,0.2560159285813435,0.007299273004882947,0.10822639758055036,0.13087528682603106,0.15765040262183372,0.04734141433376792,0.0828986026752975,0.05144763434328672,0.2103776377981626,0.07274266413001396,0.11969855845896492,0.12689320438337295,0.09050291786798134,0.07324431910030146,0.16078763184075648
jruby-1.7.0.preview1.csv,0.2419258727204453,0.3620514219797071,0.2501579342083794,0.3258196485090224,0.29453553500816865,0.4418991908081687,0.2781753833075686,0.2344386376574942,0.21909270550137505,0.3824613631500756,0.3003679839342387,0.2996675718458505,0.2759141460951464,0.4740268486541314,0.28728572461508045,0.3208306830785167,0.3033032753143147,0.4738984144421846,0.3021169225441494,0.29609974658622706,0.2893466235350933,0.4296906188333693,0.2789971764352465,0.3975751414114973,0.3227978885642939,0.4206222282409106,0.3224161328599166,0.3654554360665364,0.3060482393689187,0.44837999542432505,0.32916111006453264,0.2954070352553204,0.3086284005684349,0.38231043241278906,0.3214745195702886,0.36455622566361984,0.2951981084679989,0.35224543402410546,0.29392321636140595,0.3387228935651003,0.32071720691942496,0.39796761914747336,0.30688259127716444,0.295559507769765,0.3393497974470605,0.34745514901005603,0.3062732428376236,0.3216763982483341,0.3159513105909936,0.3722321578863845,0.32808295658934683,0.34190406362617515,0.3273527110219685,0.3968506485610263,0.3266165581180482,0.2930775373393624,0.3503506462516426,0.3449071930821055,0.31930154062547306,0.32859362604763626,0.3390965378840097,0.3681773460965136,0.3223709520864323,0.3163496765241921
hive-0.10.0.csv,0.2150770295324315,0.3387991768649279,0.2875328077094408,0.3749698013234737,0.4133675166673174,0.4781488164714026,0.29757145683914304,0.35815946608133764,0.26332677136907784,0.3499461261493797,0.25404818527201345,0.3903140621510988,0.33560372730975074,0.4858688949384306,0.3752488345747879,0.3847254351735287,0.4014519947415376,0.5272310354855082,0.4017324106366171,0.41644434722425344,0.37209851549226136,0.4621839384503497,0.3630013701893097,0.42654578314172903,0.20738809329267835,0.3522629008528881,0.21345634677416955,0.3934994360839205,0.35976838988935456,0.4563930302369508,0.2412512362147425,0.2567209561850005,0.19652650279846248,0.35867990291241514,0.16657204486731486,0.34686977420941273,0.12272756602309595,0.313901300617112,0.10248592378757942,0.3899611605745875,0.2494974322890509,0.3847823655716124,0.10300362233041828,0.1604230912460837,0.06753772517375575,0.34528143035642755,0.09400240382285456,0.32474217341304834,0.07796698366473999,0.3494161991167303,0.07852959083703842,0.3732500317902088,0.22050629626841248,0.3602848885960562,0.06689621663829108,0.14365287363791546,0.05619550830026036,0.3490691355255674,0.06942363331719054,0.33591827793989554,,,,
camel-2.10.0.csv,0.16383050051659126,0.1960155195188311,0.18565999471589228,0.20643194785631772,0.24240366997233184,0.3667236826797925,0.17260571858274634,0.1485529622491835,0.17608746594617147,0.2512860919179318,0.233672483770715,0.19541657493213832,0.17704459074445064,0.4307074411545149,0.1972386333490833,0.21390395987105976,0.21867355053694326,0.4152007968287471,0.20685160387551027,0.1744366370443926,0.20866660854915448,0.3623651286165853,0.20033513349643287,0.30763498337197337,0.2519276742901705,0.2855207642143183,0.2784433766568355,0.2447400715719736,0.2858904232234913,0.3654417764399803,0.2786236656664763,0.20484832102826508,0.2690955199235553,0.28124427609271857,0.2664735971514789,0.2326989042380391,0.13124605334725792,0.1932056177779356,0.18370043360148444,0.22584861346245266,0.2837019618122622,0.33600466386643346,0.1700775664443727,0.12871818101054586,0.1568599882546283,0.239927014811608,0.13892598798465022,0.1908372830451324,0.13794408513579026,0.22406409680641728,0.1118910749932034,0.21014428524715406,0.28395407877934875,0.3324224722809529,0.14418973920363434,0.11512090504680116,0.10508344915993838,0.2321654340135812,0.11214133237028756,0.1811275505604716,,,,
derby-10.2.1.6.csv,0.28531557000456786,0.5975217464777614,0.3833399216148321,0.6397222503129671,0.4378708802056112,0.6842902234730471,0.4173114640453144,0.6617994303196159,0.30549746886711193,0.5914906867237775,0.35458484133373913,0.6860639316357969,0.3869182131078437,0.6653243697216641,0.441398510573864,0.6911608776116429,0.4533188378534535,0.6935984930515879,0.4244368065967942,0.6835319670666858,0.41766664105156304,0.6727459465554673,0.4306547964761069,0.6685324320879037,0.3256734436099127,0.6457019275080641,0.3399792129178229,0.6993269428956735,0.42031139559462255,0.6763321186345402,0.33518092694880297,0.6382350625805515,0.3216583582925486,0.6685284804362657,0.3061433770073567,0.6794278108162589,0.18129566755606846,0.6318394704109691,0.16361888613947834,0.6387082402213459,0.3773828255282636,0.6635819101164789,0.15266449015129602,0.4660610285135462,0.11711123856313548,0.6396109451319316,0.1426817305634219,0.6468856511329385,0.16652807128667266,0.6581240813756466,0.14868730453583182,0.6311648615369825,0.3824394721677067,0.6689890789072286,0.120484358249654,0.4759592525845022,0.08290383024669834,0.6416114700702683,0.11029916414184432,0.6418825247072932,,,,
jruby-1.5.0.csv,0.29155667974050165,0.4824977974134377,0.3300993650421053,0.4058990347551529,0.3461795063379398,0.5129197894315964,0.336418031904498,0.2984398966087294,0.28761609442791164,0.4911081673123908,0.3634522867417753,0.4338246073606287,0.2880803652786683,0.5309941119937904,0.3283511708372682,0.4315560247908871,0.3317800289218311,0.5313979818219247,0.3333442303923996,0.3407948094633512,0.3228253833493728,0.5380122339702322,0.3169577516608785,0.4662794022907798,0.30831497413273,0.5436406462011982,0.3292377038909642,0.4400272778590179,0.31157682514212337,0.5366474679496539,0.3359082196320233,0.34809939730250944,0.3206183814729545,0.5302809408140515,0.32920945838788074,0.4871808736333223,0.3590446850682569,0.4857607151890718,0.3735268847261456,0.4379959612379065,0.3760891364294786,0.5010409757432053,0.4186229976730653,0.3977260604567087,0.3743322519054765,0.498603233409421,0.386190934059341,0.4415731650763133,0.3516879530623822,0.4718526228757019,0.3787615375998631,0.4550142302573751,0.3815811601122428,0.5017731158108865,0.4123611234349323,0.4014509101254617,0.3796234241110472,0.490710869529309,0.3842779773626976,0.44407694419284666,,,,
derby-10.3.1.4.csv,0.2740255419755269,0.5666361905717077,0.4173762106110081,0.6460672261099719,0.4080905875038568,0.6392441046675441,0.3858653453514967,0.6078138817251721,0.2827474917556624,0.5382693478022982,0.3295282485645105,0.6429716314409173,0.36857117488689306,0.6348479446567865,0.4079412148407947,0.6493314594688891,0.4060028037006876,0.6414625965160289,0.4056065281765805,0.6496486292741249,0.366485596690358,0.6175918747457146,0.4256460337018559,0.6526725630318136,0.2849406651837461,0.6190438447107443,0.2801697759560806,0.6535107235079056,0.3927811905588841,0.6469941327290597,0.2870667067328533,0.5218812036704982,0.2188739585936759,0.5854242759282515,0.2841922043893069,0.6144449000274992,0.1672798542278483,0.6216878739875819,0.12522082731897372,0.6148485351883612,0.3811703379743315,0.641508366335804,0.1408274863472925,0.4023427284466887,0.059029562754675816,0.5643492568322599,0.1136921833446244,0.5504048864686744,0.1111374579023835,0.5892068444914136,0.08859236865760371,0.6034778717531065,0.3748678816573572,0.6394500020612768,0.10823648510155837,0.39479691528126826,0.034029960945202296,0.5481499399575618,0.08913454670796968,0.523998559651301,,,,
lucene-2.9.0.csv,0.29440606288496995,0.5023794460872136,0.35866101254054283,0.4603120571294437,0.3254721268277265,0.4729387295680159,0.3878284242080408,0.4565495366906272,0.306354465809547,0.490818889147589,0.347972448446107,0.422547089062273,0.3159560809185544,0.5469110174189261,0.3736348256249889,0.4825116975990249,0.3205862518905445,0.4877695202724682,0.374820713745617,0.4519369261396679,0.3257492468453582,0.513866200498003,0.3642042418009381,0.4452534838766002,0.3421445234446712,0.559425700983686,0.3795368606584673,0.4966169325511756,0.3161645500013189,0.5090714354551465,0.36291748360888776,0.4561529200073457,0.34297132525428503,0.5187343921644406,0.3692758523691374,0.4494977433178921,0.2400434523821428,0.4410517247207558,0.2618275097365703,0.4462408048387348,0.3328890082407865,0.4777312565054478,0.2737960757722549,0.4284953247769665,0.2382703230085813,0.4022681966465583,0.2601425816876294,0.4223923894248803,0.2315498073891676,0.43376070262757416,0.2443819730276736,0.4367328100412671,0.3260060689507338,0.4723588948174264,0.26065923849819284,0.4215036566377446,0.2242897626891967,0.39587364915119183,0.24225100952659845,0.4152092547127183,0.309115609626358,0.4532946221296685,0.23215520735591166,0.42364223606239426
hbase-0.94.0.csv,0.2716151321074345,0.4760123789518783,0.32410305747478463,0.4732278466076278,0.40089724025793616,0.544064386989534,0.3867207756573675,0.5158348134363826,0.35104742165353003,0.507277651958739,0.3297487656546016,0.5189171743941265,0.3757599478447854,0.571310730320768,0.40520370428659375,0.5368671012412629,0.3881955032003145,0.5424198599495779,0.3990487867917681,0.5310624328964729,0.3883563840113181,0.5417309738512704,0.3978993329384009,0.5317753115783073,0.3110762156073029,0.5150808877781217,0.3394124638027717,0.5458517137948364,0.3424551563307585,0.5370075268414058,0.3248886344728398,0.4812433164722806,0.3200218960509406,0.5158106595160163,0.3411575007541889,0.5398614826752235,0.2482344494889806,0.5845428353581216,0.2283424111874699,0.5756288911206202,0.3352163377599113,0.5523232622661952,0.2307346612116504,0.3571557545754349,0.2248152461328177,0.538397573492504,0.2402755848296851,0.4820555506637231,0.2306739023905904,0.5759404039228748,0.22293814011702884,0.5772470828997011,0.3280119148290666,0.5502948030514162,0.22207313794472616,0.3522427059069046,0.2120217457788164,0.5270523350922762,0.2477858875292192,0.4810523974433589,0.3353744028108145,0.572036268569867,0.21382383834231447,0.4931541712696176
camel-1.4.0.csv,0.26306612455132306,0.4782368718026818,0.29482925263170257,0.4726852663635502,0.324273694649323,0.5164961050042823,0.3469551271637463,0.4431379580211036,0.269236622638865,0.4595916261469283,0.3402752613654551,0.4616170598680123,0.29039778495584384,0.5426776478986026,0.32240795656008403,0.5084994720670314,0.3366052957031029,0.5135057877075844,0.3538118876444508,0.4903089104154514,0.34561143039617986,0.532849502789946,0.3297317137537489,0.4900292801792806,0.31400801976938025,0.5631336204251309,0.3397839942233854,0.5246230911117553,0.3300425102183441,0.5233219627647026,0.3607601237284643,0.4812633359101547,0.35691577044144857,0.5567546010237078,0.3358338313771104,0.508460844598256,0.3103256228965998,0.4871552922695679,0.3621405164687272,0.4981367584995771,0.3282941334175684,0.5196162950804138,0.3589711255669761,0.4746706313199959,0.31642666223290594,0.4848275977336782,0.3376437911992445,0.4922278785612791,0.2795339493218781,0.4635988589807502,0.34580009131054096,0.5016066432884335,0.3369021453927508,0.5179034891290516,0.3535411710844459,0.4705892504786969,0.30928904651900324,0.4763263864364193,0.34136823073739914,0.4970301175389549,0.3351802319281046,0.511656605248265,0.34786598702997895,0.49213969277619185
activemq-5.1.0.csv,0.2527162149754846,0.3465728464340018,0.2608334185938208,0.3518720760464153,0.3286875948247914,0.4307902834629525,0.2653484494871183,0.29892753401235433,0.2340917008951384,0.33349620660948626,0.3271563642304512,0.3879497106140936,0.2533388621768584,0.4669859377865046,0.2773328020611175,0.361709008794247,0.3010818844485218,0.4705166363406703,0.292209836795718,0.3274748285283557,0.2790976775472969,0.4283830500633708,0.2761429896127335,0.357714494705415,0.293247653801345,0.3757106423444863,0.33023750442739674,0.3968705577905737,0.3262676836763466,0.427838030918971,0.3311829680180837,0.3590721412482528,0.3343964295226695,0.4032162054400821,0.31550828541821163,0.3736531553993929,0.3003121044679624,0.4399501617874697,0.3029855659726494,0.39102379787419417,0.34967710448121786,0.41616389732108255,0.3387047490620867,0.3019922962243689,0.33224659001988543,0.4120887080912363,0.3011328795420613,0.3636091223077754,0.2751191172254218,0.4216244230027245,0.2940658214379329,0.38847330701412025,0.3544434233005325,0.4120945888246716,0.31477666096552304,0.2872367336685817,0.3157592877683216,0.4158271780101214,0.2939098640812803,0.3646868781931473,0.3646482364624951,0.38096782673993196,0.2653573373353803,0.35604010906799
activemq-5.0.0.csv,0.32198407045184263,0.4741876772366904,0.4239529607936033,0.5410781300184182,0.4457776689353322,0.5839558147086321,0.4329249451083075,0.530217711944784,0.3340647625181132,0.4561062065700117,0.3712996988502648,0.5665699141488221,0.3593776298015095,0.5450741340734584,0.4028804984577613,0.5585417277741302,0.4228549247537088,0.5750643992607911,0.40621295630943655,0.5575081050984756,0.38899161550946537,0.5480127460687612,0.4290239952289548,0.5685654627998189,0.3408184136507964,0.5404596437228776,0.3398884222167928,0.5517377763061165,0.4495584696611175,0.5642475925472337,0.33854978470388397,0.4416088961594463,0.3298306060430445,0.53113735557131,0.3356042885182785,0.5300251503591559,0.16159067477067396,0.4770885983970674,0.16131622028595544,0.4525883400295163,0.3931197533466344,0.4888334601543501,0.16106137069411713,0.2284738697838758,0.14861690869982133,0.44400557604420776,0.1491400568622556,0.4039008301174489,0.1217732340250176,0.4309990906131481,0.12844642751890425,0.4231773313853537,0.3752071641482769,0.4834095787577381,0.15207271627065105,0.2175244773462005,0.14074019338581434,0.44865632782001663,0.1150200714999609,0.3856894277714005,0.364029119988065,0.5073874373968803,0.12841642583250606,0.39750936058383723
derby-10.5.1.1.csv,0.26517482075565124,0.4065348843185293,0.32297089637687665,0.4540316624427074,0.3768147970925261,0.5101655245978667,0.32927230421115433,0.4175483323607537,0.3033653082140443,0.4218848928516435,0.33318288755045555,0.4536554787321332,0.31136074015399834,0.5111996693995994,0.3466091732945842,0.4614839910378927,0.3712144344539893,0.523511139873868,0.35863556070398805,0.4773189075422867,0.32721762823951744,0.4864289175392861,0.32794420942750657,0.4443651981335616,0.3340953571352786,0.4806975065458509,0.3520028887371761,0.4748991721458414,0.3826063682739798,0.508375141331967,0.347539310747984,0.4337717520234097,0.3124991901720364,0.4621660578456716,0.3416786101132453,0.4695323721260564,0.2509702947021321,0.4929492318282927,0.25268452864880103,0.464353290288243,0.38213165912516944,0.5043277749829402,0.2503150916949653,0.3543994383371408,0.20677377595028865,0.4648134534120546,0.22560685133161754,0.4584806531065635,0.23407202080826825,0.4705580836166268,0.2412035696271869,0.4543271331063684,0.382795000888772,0.5046035596465805,0.237662736321605,0.3184176153033146,0.1763645626027889,0.465056994491779,0.2123158726052776,0.4699558767513703,0.37698442558262546,0.48462760122477644,0.22796078229070016,0.4650156901739808
wicket-1.3.0-beta2.csv,0.23301755513548364,0.39361904068350656,0.22945207880009816,0.3135610742081421,0.3050130515265309,0.4306867621313271,0.2542256659973016,0.26190444095973914,0.20386922916471106,0.39136263951324535,0.2688484497115749,0.2828485914467641,0.23888187058441074,0.4537687143294669,0.25408671403084937,0.3252060470819681,0.2967365892566748,0.451399386116876,0.27437591732083266,0.2853710881358049,0.2681010094041785,0.4290224284308334,0.2709596713197718,0.35048435530055755,0.2714079221557356,0.4402978437738425,0.2673591636491041,0.3269010516212717,0.2961557265299589,0.4635374926944734,0.2908870911127099,0.29386282343348563,0.2974572115858505,0.4194002253148298,0.2846431872354652,0.3526566871467879,0.2736250598758997,0.3745945308675253,0.2982841007072056,0.3313445825156661,0.3108972870525662,0.4250176416363399,0.295703958315716,0.3052844983167866,0.2889049013761684,0.35256400487517925,0.2668555020859517,0.3247358132770064,0.2718034079723149,0.36376790941932585,0.2983432382997904,0.32941003060421536,0.3073916602397845,0.4170407117961253,0.30885445150522023,0.3070846457263357,0.2888769989701317,0.34205386297406465,0.2713867999318588,0.3220236174539168,0.31021199607679345,0.4067917369031921,0.27633009347885007,0.33499709812635725
hive-0.12.0.csv,0.039834010723699166,0.13439843309058433,0.14777203635461875,0.1698213156599274,0.1815509334093688,0.21140249944906092,0.14501927341253068,0.1541536284998615,0.13642106198462514,0.1858294624478156,0.08624117112380092,0.18207307891108307,0.15085215067578686,0.3678836399410009,0.1919213112130125,0.17224860652371454,0.1815468608297962,0.3322103522422972,0.19352105459621988,0.19877523388072407,0.2006716225068285,0.3014118609883772,0.17407992794822175,0.21437066017439305,0.029192599730180468,0.2413483476378272,0.03834682365712176,0.19527847975656287,0.08208759850864347,0.1980333698711771,0.023016725221100497,0.0870048639630678,0.02218237723077192,0.15768143890218206,0.02131652431623459,0.16254267507701886,0.03504066039642152,0.4114078775597925,0.02644199656589476,0.19843549763590526,0.014478133099536062,0.441102551360182,0.012053923639282841,0.08034029222075008,0.0,0.2018206660957784,0.0,0.20320189027819127,0.04768697358140541,0.4305610351457876,0.02735501238229527,0.1892770545748393,0.026419207602698825,0.38223684717142,0.0035616145708140907,0.07352290547354612,0.0,0.2663608086858352,0.0,0.18957725430733732,0.0,0.0,0.018292916594405906,0.20887088560370715
hive-0.9.0.csv,0.2738600184147019,0.4908181446736954,0.3664569780401841,0.524118464507804,0.4636870381389141,0.6056833620268763,0.3704762061705062,0.5226095242613504,0.3126890279764333,0.4724720858890266,0.3288710746077509,0.534735523210876,0.4299631378216844,0.594338357770972,0.4375749447196426,0.5908010007334104,0.4256555836314533,0.5967201050226404,0.4445291857927179,0.5894946363844505,0.4470497272532893,0.6070636359854619,0.4465474891694529,0.5955339697325424,0.318221020823638,0.5616355103503948,0.3140009631473332,0.5750056136577856,0.4548207861597782,0.5962056708038755,0.3143981720862073,0.4542661529947455,0.2731983908201421,0.593639900107564,0.3041987029063801,0.5874268531344565,0.20718908049863752,0.5680772188082674,0.21655494185505192,0.564379609868161,0.3777672754493688,0.5778990007537298,0.20580907272536186,0.3493252011601505,0.14282324967107665,0.5774633752261176,0.1763352465901823,0.5472124983371104,0.19114391398634412,0.5467540019776166,0.21743905380319967,0.5588466052191652,0.3659579735046629,0.5790510834809068,0.2013343039411581,0.33872248647010994,0.1264635815808028,0.5695354931434153,0.1514723394089911,0.5382540187270761,0.3172040004021276,0.5911929833148053,0.13591969162636355,0.5606772206561093
